WKT_,WKT,latitude,longitude
"POINT (-6.8593959 33.9826239)",POINT (-6.8593959 33.9826239),33.9826239,-6.8593959
"POINT (-6.8511002 33.9863018)",POINT (-6.8511002 33.9863018),33.9863018,-6.8511002
"POINT (-6.8523318 33.9812904)",POINT (-6.8523318 33.9812904),33.9812904,-6.8523318
"POINT (-6.8645656 33.9864883)",POINT (-6.8645656 33.9864883),33.9864883,-6.8645656
"POINT (-6.8661311 33.9882869)",POINT (-6.8661311 33.9882869),33.9882869,-6.8661311
"POINT (-6.8612635 33.9857445)",POINT (-6.8612635 33.9857445),33.9857445,-6.8612635
"POINT (-6.8545433 33.9855876)",POINT (-6.8545433 33.9855876),33.9855876,-6.8545433
"POINT (-6.8614692 33.981443)",POINT (-6.8614692 33.981443),33.981443,-6.8614692
"POINT (-6.8620375 33.9896747)",POINT (-6.8620375 33.9896747),33.9896747,-6.8620375
"POINT (-6.8592222 33.984975)",POINT (-6.8592222 33.984975),33.984975,-6.8592222
"POINT (-6.8525995 33.9889698)",POINT (-6.8525995 33.9889698),33.9889698,-6.8525995
"POINT (-6.8546921 33.9814434)",POINT (-6.8546921 33.9814434),33.9814434,-6.8546921
"POINT (-6.8582008 33.9826994)",POINT (-6.8582008 33.9826994),33.9826994,-6.8582008
"POINT (-6.8592411 33.9831112)",POINT (-6.8592411 33.9831112),33.9831112,-6.8592411
"POINT (-6.8633886 33.9906004)",POINT (-6.8633886 33.9906004),33.9906004,-6.8633886
"POINT (-6.8488416 33.9880108)",POINT (-6.8488416 33.9880108),33.9880108,-6.8488416
"POINT (-6.8499631 33.9880382)",POINT (-6.8499631 33.9880382),33.9880382,-6.8499631
"POINT (-6.8665739 33.9871568)",POINT (-6.8665739 33.9871568),33.9871568,-6.8665739
"POINT (-6.867613 33.9872545)",POINT (-6.867613 33.9872545),33.9872545,-6.867613
"POINT (-6.8663545 33.9908317)",POINT (-6.8663545 33.9908317),33.9908317,-6.8663545
"POINT (-6.8499713 33.9812815)",POINT (-6.8499713 33.9812815),33.9812815,-6.8499713
"POINT (-6.8610774 33.9870378)",POINT (-6.8610774 33.9870378),33.9870378,-6.8610774
"POINT (-6.8572704 33.9818548)",POINT (-6.8572704 33.9818548),33.9818548,-6.8572704
"POINT (-6.8613731 33.98568)",POINT (-6.8613731 33.98568),33.98568,-6.8613731
"POINT (-6.8522867 33.9824632)",POINT (-6.8522867 33.9824632),33.9824632,-6.8522867
"POINT (-6.8509131 33.9880909)",POINT (-6.8509131 33.9880909),33.9880909,-6.8509131
"POINT (-6.8647228 33.9898728)",POINT (-6.8647228 33.9898728),33.9898728,-6.8647228
"POINT (-6.8653359 33.9881641)",POINT (-6.8653359 33.9881641),33.9881641,-6.8653359
"POINT (-6.8665763 33.9875925)",POINT (-6.8665763 33.9875925),33.9875925,-6.8665763
"POINT (-6.8529705 33.9884056)",POINT (-6.8529705 33.9884056),33.9884056,-6.8529705
"POINT (-6.8572108 33.9825143)",POINT (-6.8572108 33.9825143),33.9825143,-6.8572108
"POINT (-6.8509929 33.9910229)",POINT (-6.8509929 33.9910229),33.9910229,-6.8509929
"POINT (-6.8505724 33.9801653)",POINT (-6.8505724 33.9801653),33.9801653,-6.8505724
"POINT (-6.866241 33.9800331)",POINT (-6.866241 33.9800331),33.9800331,-6.866241
"POINT (-6.8622314 33.9876393)",POINT (-6.8622314 33.9876393),33.9876393,-6.8622314
"POINT (-6.8572696 33.9868459)",POINT (-6.8572696 33.9868459),33.9868459,-6.8572696
"POINT (-6.8596159 33.9899046)",POINT (-6.8596159 33.9899046),33.9899046,-6.8596159
"POINT (-6.8641418 33.9829246)",POINT (-6.8641418 33.9829246),33.9829246,-6.8641418
"POINT (-6.8488834 33.9804896)",POINT (-6.8488834 33.9804896),33.9804896,-6.8488834
"POINT (-6.8514441 33.9813847)",POINT (-6.8514441 33.9813847),33.9813847,-6.8514441
"POINT (-6.8585982 33.9802912)",POINT (-6.8585982 33.9802912),33.9802912,-6.8585982
"POINT (-6.8537271 33.9910899)",POINT (-6.8537271 33.9910899),33.9910899,-6.8537271
"POINT (-6.8617851 33.9907622)",POINT (-6.8617851 33.9907622),33.9907622,-6.8617851
"POINT (-6.8623956 33.9908941)",POINT (-6.8623956 33.9908941),33.9908941,-6.8623956
"POINT (-6.8646883 33.9906901)",POINT (-6.8646883 33.9906901),33.9906901,-6.8646883
"POINT (-6.8589871 33.9909167)",POINT (-6.8589871 33.9909167),33.9909167,-6.8589871
"POINT (-6.8497127 33.9844373)",POINT (-6.8497127 33.9844373),33.9844373,-6.8497127
"POINT (-6.8485309 33.985582)",POINT (-6.8485309 33.985582),33.985582,-6.8485309
"POINT (-6.8582597 33.9819663)",POINT (-6.8582597 33.9819663),33.9819663,-6.8582597
"POINT (-6.8488754 33.9832024)",POINT (-6.8488754 33.9832024),33.9832024,-6.8488754
"POINT (-6.8554764 33.9824359)",POINT (-6.8554764 33.9824359),33.9824359,-6.8554764
"POINT (-6.8509951 33.9838242)",POINT (-6.8509951 33.9838242),33.9838242,-6.8509951
"POINT (-6.8551609 33.9874226)",POINT (-6.8551609 33.9874226),33.9874226,-6.8551609
"POINT (-6.8242498 34.0170121)",POINT (-6.8242498 34.0170121),34.0170121,-6.8242498
"POINT (-6.8357726 34.0124344)",POINT (-6.8357726 34.0124344),34.0124344,-6.8357726
"POINT (-6.8262047 34.013896)",POINT (-6.8262047 34.013896),34.013896,-6.8262047
"POINT (-6.8253121 34.0146961)",POINT (-6.8253121 34.0146961),34.0146961,-6.8253121
"POINT (-6.8336667 34.0080435)",POINT (-6.8336667 34.0080435),34.0080435,-6.8336667
"POINT (-6.822476 34.0155428)",POINT (-6.822476 34.0155428),34.0155428,-6.822476
"POINT (-6.8282291 34.016091)",POINT (-6.8282291 34.016091),34.016091,-6.8282291
"POINT (-6.8279392 34.0158126)",POINT (-6.8279392 34.0158126),34.0158126,-6.8279392
"POINT (-6.8288365 34.008269)",POINT (-6.8288365 34.008269),34.008269,-6.8288365
"POINT (-6.8376429 34.0148536)",POINT (-6.8376429 34.0148536),34.0148536,-6.8376429
"POINT (-6.8314046 34.0164147)",POINT (-6.8314046 34.0164147),34.0164147,-6.8314046
"POINT (-6.8225784 34.0159458)",POINT (-6.8225784 34.0159458),34.0159458,-6.8225784
"POINT (-6.8331481 34.0148907)",POINT (-6.8331481 34.0148907),34.0148907,-6.8331481
"POINT (-6.8297016 34.0083118)",POINT (-6.8297016 34.0083118),34.0083118,-6.8297016
"POINT (-6.8275856 34.0105196)",POINT (-6.8275856 34.0105196),34.0105196,-6.8275856
"POINT (-6.8351832 34.010749)",POINT (-6.8351832 34.010749),34.010749,-6.8351832
"POINT (-6.8273382 34.0130762)",POINT (-6.8273382 34.0130762),34.0130762,-6.8273382
"POINT (-6.8322811 34.0128053)",POINT (-6.8322811 34.0128053),34.0128053,-6.8322811
"POINT (-6.8341698 34.0095881)",POINT (-6.8341698 34.0095881),34.0095881,-6.8341698
"POINT (-6.835116 34.0156315)",POINT (-6.835116 34.0156315),34.0156315,-6.835116
"POINT (-6.8342736 34.019473)",POINT (-6.8342736 34.019473),34.019473,-6.8342736
"POINT (-6.8248919 34.0171832)",POINT (-6.8248919 34.0171832),34.0171832,-6.8248919
"POINT (-6.8358747 34.0154397)",POINT (-6.8358747 34.0154397),34.0154397,-6.8358747
"POINT (-6.8268846 34.0199595)",POINT (-6.8268846 34.0199595),34.0199595,-6.8268846
"POINT (-6.8241253 34.0105463)",POINT (-6.8241253 34.0105463),34.0105463,-6.8241253
"POINT (-6.8306109 34.009318)",POINT (-6.8306109 34.009318),34.009318,-6.8306109
"POINT (-6.8350419 34.0169842)",POINT (-6.8350419 34.0169842),34.0169842,-6.8350419
"POINT (-6.8279987 34.0118355)",POINT (-6.8279987 34.0118355),34.0118355,-6.8279987
"POINT (-6.8257393 34.0198957)",POINT (-6.8257393 34.0198957),34.0198957,-6.8257393
"POINT (-6.8290578 34.0122322)",POINT (-6.8290578 34.0122322),34.0122322,-6.8290578
"POINT (-6.8313203 34.0188327)",POINT (-6.8313203 34.0188327),34.0188327,-6.8313203
"POINT (-6.8347726 34.011239)",POINT (-6.8347726 34.011239),34.011239,-6.8347726
"POINT (-6.8239407 34.0121051)",POINT (-6.8239407 34.0121051),34.0121051,-6.8239407
"POINT (-6.8254966 34.0185424)",POINT (-6.8254966 34.0185424),34.0185424,-6.8254966
"POINT (-6.833475 34.0109836)",POINT (-6.833475 34.0109836),34.0109836,-6.833475
"POINT (-6.836636 34.018)",POINT (-6.836636 34.018),34.018,-6.836636
"POINT (-6.8252865 34.0150671)",POINT (-6.8252865 34.0150671),34.0150671,-6.8252865
"POINT (-6.8352594 34.0172222)",POINT (-6.8352594 34.0172222),34.0172222,-6.8352594
"POINT (-6.8254101 34.0094286)",POINT (-6.8254101 34.0094286),34.0094286,-6.8254101
"POINT (-6.8809731 33.9741278)",POINT (-6.8809731 33.9741278),33.9741278,-6.8809731
"POINT (-6.8665488 33.9674847)",POINT (-6.8665488 33.9674847),33.9674847,-6.8665488
"POINT (-6.8648221 33.9636789)",POINT (-6.8648221 33.9636789),33.9636789,-6.8648221
"POINT (-6.8761519 33.9755405)",POINT (-6.8761519 33.9755405),33.9755405,-6.8761519
"POINT (-6.8772284 33.9655922)",POINT (-6.8772284 33.9655922),33.9655922,-6.8772284
"POINT (-6.8702817 33.9684373)",POINT (-6.8702817 33.9684373),33.9684373,-6.8702817
"POINT (-6.8673715 33.9630492)",POINT (-6.8673715 33.9630492),33.9630492,-6.8673715
"POINT (-6.8714441 33.972624)",POINT (-6.8714441 33.972624),33.972624,-6.8714441
"POINT (-6.8676401 33.9678202)",POINT (-6.8676401 33.9678202),33.9678202,-6.8676401
"POINT (-6.8674465 33.9735982)",POINT (-6.8674465 33.9735982),33.9735982,-6.8674465
"POINT (-6.8796051 33.9726441)",POINT (-6.8796051 33.9726441),33.9726441,-6.8796051
"POINT (-6.8598109 33.9719356)",POINT (-6.8598109 33.9719356),33.9719356,-6.8598109
"POINT (-6.8728345 33.968918)",POINT (-6.8728345 33.968918),33.968918,-6.8728345
"POINT (-6.8614427 33.9738356)",POINT (-6.8614427 33.9738356),33.9738356,-6.8614427
"POINT (-6.8756422 33.9657188)",POINT (-6.8756422 33.9657188),33.9657188,-6.8756422
"POINT (-6.8713194 33.9701179)",POINT (-6.8713194 33.9701179),33.9701179,-6.8713194
"POINT (-6.8641305 33.9753962)",POINT (-6.8641305 33.9753962),33.9753962,-6.8641305
"POINT (-6.8710864 33.9701394)",POINT (-6.8710864 33.9701394),33.9701394,-6.8710864
"POINT (-6.8586264 33.9646459)",POINT (-6.8586264 33.9646459),33.9646459,-6.8586264
"POINT (-6.8759609 33.9729974)",POINT (-6.8759609 33.9729974),33.9729974,-6.8759609
"POINT (-6.8720406 33.9683392)",POINT (-6.8720406 33.9683392),33.9683392,-6.8720406
"POINT (-6.8628976 33.9747161)",POINT (-6.8628976 33.9747161),33.9747161,-6.8628976
"POINT (-6.8719708 33.9671406)",POINT (-6.8719708 33.9671406),33.9671406,-6.8719708
"POINT (-6.8749168 33.9633054)",POINT (-6.8749168 33.9633054),33.9633054,-6.8749168
"POINT (-6.8709879 33.9705603)",POINT (-6.8709879 33.9705603),33.9705603,-6.8709879
"POINT (-6.8643255 33.9648395)",POINT (-6.8643255 33.9648395),33.9648395,-6.8643255
"POINT (-6.8719565 33.9757477)",POINT (-6.8719565 33.9757477),33.9757477,-6.8719565
"POINT (-6.8586224 33.974654)",POINT (-6.8586224 33.974654),33.974654,-6.8586224
"POINT (-6.8587144 33.9672264)",POINT (-6.8587144 33.9672264),33.9672264,-6.8587144
"POINT (-6.8760118 33.9686385)",POINT (-6.8760118 33.9686385),33.9686385,-6.8760118
"POINT (-6.8586201 33.9656203)",POINT (-6.8586201 33.9656203),33.9656203,-6.8586201
"POINT (-6.8734994 33.9728574)",POINT (-6.8734994 33.9728574),33.9728574,-6.8734994
"POINT (-6.8643741 33.9695723)",POINT (-6.8643741 33.9695723),33.9695723,-6.8643741
"POINT (-6.8813497 33.9624705)",POINT (-6.8813497 33.9624705),33.9624705,-6.8813497
"POINT (-6.8633112 33.9701936)",POINT (-6.8633112 33.9701936),33.9701936,-6.8633112
"POINT (-6.8581278 33.9657931)",POINT (-6.8581278 33.9657931),33.9657931,-6.8581278
"POINT (-6.8801208 33.9736103)",POINT (-6.8801208 33.9736103),33.9736103,-6.8801208
"POINT (-6.8632088 33.9706908)",POINT (-6.8632088 33.9706908),33.9706908,-6.8632088
"POINT (-6.8598882 33.9706365)",POINT (-6.8598882 33.9706365),33.9706365,-6.8598882
"POINT (-6.8742216 33.9668106)",POINT (-6.8742216 33.9668106),33.9668106,-6.8742216
"POINT (-6.8592099 33.9621222)",POINT (-6.8592099 33.9621222),33.9621222,-6.8592099
"POINT (-6.8719531 33.9704577)",POINT (-6.8719531 33.9704577),33.9704577,-6.8719531
"POINT (-6.8609486 33.970536)",POINT (-6.8609486 33.970536),33.970536,-6.8609486
"POINT (-6.8720283 33.9640756)",POINT (-6.8720283 33.9640756),33.9640756,-6.8720283
"POINT (-6.8654988 33.9648283)",POINT (-6.8654988 33.9648283),33.9648283,-6.8654988
"POINT (-6.8671117 33.9674129)",POINT (-6.8671117 33.9674129),33.9674129,-6.8671117
"POINT (-6.877184 33.9753751)",POINT (-6.877184 33.9753751),33.9753751,-6.877184
"POINT (-6.8779707 33.965293)",POINT (-6.8779707 33.965293),33.965293,-6.8779707
"POINT (-6.8664161 33.9703984)",POINT (-6.8664161 33.9703984),33.9703984,-6.8664161
"POINT (-6.8643789 33.9692193)",POINT (-6.8643789 33.9692193),33.9692193,-6.8643789
"POINT (-6.881337 33.9701215)",POINT (-6.881337 33.9701215),33.9701215,-6.881337
"POINT (-6.8626908 33.9703874)",POINT (-6.8626908 33.9703874),33.9703874,-6.8626908
"POINT (-6.8659435 33.9643465)",POINT (-6.8659435 33.9643465),33.9643465,-6.8659435
"POINT (-6.8726892 33.9742367)",POINT (-6.8726892 33.9742367),33.9742367,-6.8726892
"POINT (-6.8819258 33.974968)",POINT (-6.8819258 33.974968),33.974968,-6.8819258
"POINT (-6.8694469 33.9681945)",POINT (-6.8694469 33.9681945),33.9681945,-6.8694469
"POINT (-6.8628787 33.9685733)",POINT (-6.8628787 33.9685733),33.9685733,-6.8628787
"POINT (-6.8716517 33.9689228)",POINT (-6.8716517 33.9689228),33.9689228,-6.8716517
"POINT (-6.877724 33.9656638)",POINT (-6.877724 33.9656638),33.9656638,-6.877724
"POINT (-6.8329943 33.991841)",POINT (-6.8329943 33.991841),33.991841,-6.8329943
"POINT (-6.8313009 33.994123)",POINT (-6.8313009 33.994123),33.994123,-6.8313009
"POINT (-6.8192082 33.9875858)",POINT (-6.8192082 33.9875858),33.9875858,-6.8192082
"POINT (-6.818695 33.9856494)",POINT (-6.818695 33.9856494),33.9856494,-6.818695
"POINT (-6.8262627 33.9944404)",POINT (-6.8262627 33.9944404),33.9944404,-6.8262627
"POINT (-6.824712 33.9859656)",POINT (-6.824712 33.9859656),33.9859656,-6.824712
"POINT (-6.829316 33.9900654)",POINT (-6.829316 33.9900654),33.9900654,-6.829316
"POINT (-6.8191702 33.991937)",POINT (-6.8191702 33.991937),33.991937,-6.8191702
"POINT (-6.829547 33.9947724)",POINT (-6.829547 33.9947724),33.9947724,-6.829547
"POINT (-6.8348776 33.9949303)",POINT (-6.8348776 33.9949303),33.9949303,-6.8348776
"POINT (-6.8194259 33.9930671)",POINT (-6.8194259 33.9930671),33.9930671,-6.8194259
"POINT (-6.8370487 33.9929489)",POINT (-6.8370487 33.9929489),33.9929489,-6.8370487
"POINT (-6.8310335 33.9909917)",POINT (-6.8310335 33.9909917),33.9909917,-6.8310335
"POINT (-6.8374361 33.9866991)",POINT (-6.8374361 33.9866991),33.9866991,-6.8374361
"POINT (-6.8309699 33.9920895)",POINT (-6.8309699 33.9920895),33.9920895,-6.8309699
"POINT (-6.827043 33.9869408)",POINT (-6.827043 33.9869408),33.9869408,-6.827043
"POINT (-6.8365114 33.9878047)",POINT (-6.8365114 33.9878047),33.9878047,-6.8365114
"POINT (-6.8358249 33.9867048)",POINT (-6.8358249 33.9867048),33.9867048,-6.8358249
"POINT (-6.8226629 33.9932568)",POINT (-6.8226629 33.9932568),33.9932568,-6.8226629
"POINT (-6.835958 33.9897666)",POINT (-6.835958 33.9897666),33.9897666,-6.835958
"POINT (-6.829471 33.986763)",POINT (-6.829471 33.986763),33.986763,-6.829471
"POINT (-6.8323426 33.9898026)",POINT (-6.8323426 33.9898026),33.9898026,-6.8323426
"POINT (-6.8239937 33.9948563)",POINT (-6.8239937 33.9948563),33.9948563,-6.8239937
"POINT (-6.8278179 33.9866017)",POINT (-6.8278179 33.9866017),33.9866017,-6.8278179
"POINT (-6.8237019 33.9858569)",POINT (-6.8237019 33.9858569),33.9858569,-6.8237019
"POINT (-6.8246039 33.9959429)",POINT (-6.8246039 33.9959429),33.9959429,-6.8246039
"POINT (-6.8206612 33.9882962)",POINT (-6.8206612 33.9882962),33.9882962,-6.8206612
"POINT (-6.822061 33.9919935)",POINT (-6.822061 33.9919935),33.9919935,-6.822061
"POINT (-6.829786 33.987641)",POINT (-6.829786 33.987641),33.987641,-6.829786
"POINT (-6.8355075 33.9913385)",POINT (-6.8355075 33.9913385),33.9913385,-6.8355075
"POINT (-6.8319911 33.9893134)",POINT (-6.8319911 33.9893134),33.9893134,-6.8319911
"POINT (-6.8238846 33.9866557)",POINT (-6.8238846 33.9866557),33.9866557,-6.8238846
"POINT (-6.8364495 33.9858584)",POINT (-6.8364495 33.9858584),33.9858584,-6.8364495
"POINT (-6.8290944 33.9841003)",POINT (-6.8290944 33.9841003),33.9841003,-6.8290944
"POINT (-6.8332206 33.9882953)",POINT (-6.8332206 33.9882953),33.9882953,-6.8332206
"POINT (-6.8234205 33.9937822)",POINT (-6.8234205 33.9937822),33.9937822,-6.8234205
"POINT (-6.8304745 33.9954621)",POINT (-6.8304745 33.9954621),33.9954621,-6.8304745
"POINT (-6.8287187 33.9948951)",POINT (-6.8287187 33.9948951),33.9948951,-6.8287187
"POINT (-6.8196271 33.9846727)",POINT (-6.8196271 33.9846727),33.9846727,-6.8196271
"POINT (-6.8575198 34.0081917)",POINT (-6.8575198 34.0081917),34.0081917,-6.8575198
"POINT (-6.8592876 34.0035007)",POINT (-6.8592876 34.0035007),34.0035007,-6.8592876
"POINT (-6.8593601 34.0111579)",POINT (-6.8593601 34.0111579),34.0111579,-6.8593601
"POINT (-6.8659699 34.008134)",POINT (-6.8659699 34.008134),34.008134,-6.8659699
"POINT (-6.8610373 34.0134729)",POINT (-6.8610373 34.0134729),34.0134729,-6.8610373
"POINT (-6.85208 34.0122661)",POINT (-6.85208 34.0122661),34.0122661,-6.85208
"POINT (-6.8550009 34.0137658)",POINT (-6.8550009 34.0137658),34.0137658,-6.8550009
"POINT (-6.8652161 34.0106342)",POINT (-6.8652161 34.0106342),34.0106342,-6.8652161
"POINT (-6.8583993 34.0059007)",POINT (-6.8583993 34.0059007),34.0059007,-6.8583993
"POINT (-6.8557476 34.0040607)",POINT (-6.8557476 34.0040607),34.0040607,-6.8557476
"POINT (-6.8551367 34.0142216)",POINT (-6.8551367 34.0142216),34.0142216,-6.8551367
"POINT (-6.8583719 34.0120547)",POINT (-6.8583719 34.0120547),34.0120547,-6.8583719
"POINT (-6.8610665 34.0039735)",POINT (-6.8610665 34.0039735),34.0039735,-6.8610665
"POINT (-6.8635387 34.0100987)",POINT (-6.8635387 34.0100987),34.0100987,-6.8635387
"POINT (-6.8540741 34.0108836)",POINT (-6.8540741 34.0108836),34.0108836,-6.8540741
"POINT (-6.8530464 34.0037447)",POINT (-6.8530464 34.0037447),34.0037447,-6.8530464
"POINT (-6.8592264 34.0058842)",POINT (-6.8592264 34.0058842),34.0058842,-6.8592264
"POINT (-6.8559586 34.0098771)",POINT (-6.8559586 34.0098771),34.0098771,-6.8559586
"POINT (-6.8628756 34.0103224)",POINT (-6.8628756 34.0103224),34.0103224,-6.8628756
"POINT (-6.8566974 34.0145071)",POINT (-6.8566974 34.0145071),34.0145071,-6.8566974
"POINT (-6.8549413 34.0068484)",POINT (-6.8549413 34.0068484),34.0068484,-6.8549413
"POINT (-6.8570756 34.0082868)",POINT (-6.8570756 34.0082868),34.0082868,-6.8570756
"POINT (-6.8580033 34.0026927)",POINT (-6.8580033 34.0026927),34.0026927,-6.8580033
"POINT (-6.8637678 34.0047274)",POINT (-6.8637678 34.0047274),34.0047274,-6.8637678
"POINT (-6.8606433 34.0115596)",POINT (-6.8606433 34.0115596),34.0115596,-6.8606433
"POINT (-6.8589926 34.005691)",POINT (-6.8589926 34.005691),34.005691,-6.8589926
"POINT (-6.8654645 34.0035203)",POINT (-6.8654645 34.0035203),34.0035203,-6.8654645
"POINT (-6.853323 34.0059911)",POINT (-6.853323 34.0059911),34.0059911,-6.853323
"POINT (-6.8553771 34.0147564)",POINT (-6.8553771 34.0147564),34.0147564,-6.8553771
"POINT (-6.8598087 34.0148821)",POINT (-6.8598087 34.0148821),34.0148821,-6.8598087
"POINT (-6.8634578 34.002248)",POINT (-6.8634578 34.002248),34.002248,-6.8634578
"POINT (-6.8521878 34.0045768)",POINT (-6.8521878 34.0045768),34.0045768,-6.8521878
"POINT (-6.8576763 34.0036141)",POINT (-6.8576763 34.0036141),34.0036141,-6.8576763
"POINT (-6.8945289 33.9715613)",POINT (-6.8945289 33.9715613),33.9715613,-6.8945289
"POINT (-6.8905177 33.9747577)",POINT (-6.8905177 33.9747577),33.9747577,-6.8905177
"POINT (-6.8799722 33.9859366)",POINT (-6.8799722 33.9859366),33.9859366,-6.8799722
"POINT (-6.8891455 33.9797082)",POINT (-6.8891455 33.9797082),33.9797082,-6.8891455
"POINT (-6.8324232 34.0246164)",POINT (-6.8324232 34.0246164),34.0246164,-6.8324232
"POINT (-6.8674436 33.9954668)",POINT (-6.8674436 33.9954668),33.9954668,-6.8674436
"POINT (-6.8898969 33.9718238)",POINT (-6.8898969 33.9718238),33.9718238,-6.8898969
"POINT (-6.8550689 33.970118)",POINT (-6.8778515 33.9909042),33.970118,-6.8550689
"POINT (-6.8715533 34.0003993)",POINT (-6.8715533 34.0003993),34.0003993,-6.8715533
"POINT (-6.8996936 33.97102)",POINT (-6.8996936 33.97102),33.97102,-6.8996936
"POINT (-6.8962288 33.9743352)",POINT (-6.8962288 33.9743352),33.9743352,-6.8962288
"POINT (-6.8936308 33.9690846)",POINT (-6.8936308 33.9690846),33.9690846,-6.8936308
"POINT (-6.8812447 33.9933434)",POINT (-6.8812447 33.9933434),33.9933434,-6.8812447
"POINT (-6.8885841 33.9750292)",POINT (-6.8885841 33.9750292),33.9750292,-6.8885841
"POINT (-6.891107 33.9826482)",POINT (-6.891107 33.9826482),33.9826482,-6.891107
"POINT (-6.8849481 33.9794611)",POINT (-6.8849481 33.9794611),33.9794611,-6.8849481
"POINT (-6.8804805 33.9801601)",POINT (-6.8804805 33.9801601),33.9801601,-6.8804805
"POINT (-6.8742454 33.9980994)",POINT (-6.8742454 33.9980994),33.9980994,-6.8742454
"POINT (-6.8754574 33.9936582)",POINT (-6.8754574 33.9936582),33.9936582,-6.8754574
"POINT (-6.8778566 33.9939132)",POINT (-6.8778566 33.9939132),33.9939132,-6.8778566
"POINT (-6.8825669 33.9904787)",POINT (-6.8825669 33.9904787),33.9904787,-6.8825669
"POINT (-6.8942087 33.9775083)",POINT (-6.8942087 33.9775083),33.9775083,-6.8942087
"POINT (-6.8700847 33.9985618)",POINT (-6.8700847 33.9985618),33.9985618,-6.8700847
"POINT (-6.8340857 34.0001797)",POINT (-6.8340857 34.0001797),34.0001797,-6.8340857
"POINT (-6.8789187 33.9888328)",POINT (-6.8789187 33.9888328),33.9888328,-6.8789187
"POINT (-6.8831116 33.9848282)",POINT (-6.8711567 33.9914735),33.9848282,-6.8831116
"POINT (-6.8408509 34.027427)",POINT (-6.8408509 34.027427),34.027427,-6.8408509
"POINT (-6.8860627 33.9875192)",POINT (-6.8860627 33.9875192),33.9875192,-6.8860627
"POINT (-6.8868892 33.9737531)",POINT (-6.8868892 33.9737531),33.9737531,-6.8868892
"POINT (-6.874541 33.9856982)",POINT (-6.874541 33.9856982),33.9856982,-6.874541
"POINT (-6.8725863 33.9959014)",POINT (-6.8725863 33.9959014),33.9959014,-6.8725863
"POINT (-6.8828265 33.9806395)",POINT (-6.8828265 33.9806395),33.9806395,-6.8828265
"POINT (-6.8749677 33.9955885)",POINT (-6.8749677 33.9955885),33.9955885,-6.8749677
"POINT (-6.8924596 33.9790084)",POINT (-6.8924596 33.9790084),33.9790084,-6.8924596
"POINT (-6.8853278 33.9836335)",POINT (-6.8823147 33.9863496),33.9836335,-6.8853278
"POINT (-6.86703 34.0005956)",POINT (-6.86703 34.0005956),34.0005956,-6.86703
"POINT (-6.8522252 33.970785)",POINT (-6.8859196 33.9832181),33.970785,-6.8522252
"POINT (-6.8754134 33.991093)",POINT (-6.8754134 33.991093),33.991093,-6.8754134
"POINT (-6.8859633 33.9780477)",POINT (-6.8859633 33.9780477),33.9780477,-6.8859633
"POINT (-6.8727961 33.9988829)",POINT (-6.8727961 33.9988829),33.9988829,-6.8727961
"POINT (-6.8387709 34.0231351)",POINT (-6.8387709 34.0231351),34.0231351,-6.8387709
"POINT (-6.8809204 33.9938544)",POINT (-6.8809204 33.9938544),33.9938544,-6.8809204
"POINT (-6.8775484 33.9817896)",POINT (-6.8775484 33.9817896),33.9817896,-6.8775484
"POINT (-6.8541229 34.0144912)",POINT (-6.8541229 34.0144912),34.0144912,-6.8541229
"POINT (-6.8485305 34.0220456)",POINT (-6.8485305 34.0220456),34.0220456,-6.8485305
"POINT (-6.8465309 34.0160461)",POINT (-6.8465309 34.0160461),34.0160461,-6.8465309
"POINT (-6.83939 34.028692)",POINT (-6.83939 34.028692),34.028692,-6.83939
"POINT (-6.8528969 34.0187071)",POINT (-6.8528969 34.0187071),34.0187071,-6.8528969
"POINT (-6.849839 34.017882)",POINT (-6.849839 34.017882),34.017882,-6.849839
"POINT (-6.8541782 34.0138912)",POINT (-6.8541782 34.0138912),34.0138912,-6.8541782
"POINT (-6.8495758 34.0229044)",POINT (-6.8495758 34.0229044),34.0229044,-6.8495758
"POINT (-6.8381805 34.0045908)",POINT (-6.8381805 34.0045908),34.0045908,-6.8381805
"POINT (-6.8539143 34.0177492)",POINT (-6.8539143 34.0177492),34.0177492,-6.8539143
"POINT (-6.8576948 34.0163678)",POINT (-6.8576948 34.0163678),34.0163678,-6.8576948
"POINT (-6.8466418 34.0187709)",POINT (-6.8466418 34.0187709),34.0187709,-6.8466418
"POINT (-6.8476762 34.0207694)",POINT (-6.8476762 34.0207694),34.0207694,-6.8476762
"POINT (-6.8560696 34.0169781)",POINT (-6.8560696 34.0169781),34.0169781,-6.8560696
"POINT (-6.8444452 34.0148378)",POINT (-6.8444452 34.0148378),34.0148378,-6.8444452
"POINT (-6.8435217 34.020356)",POINT (-6.8435217 34.020356),34.020356,-6.8435217
"POINT (-6.8496216 34.0208982)",POINT (-6.8496216 34.0208982),34.0208982,-6.8496216
"POINT (-6.8423963 34.0170359)",POINT (-6.8423963 34.0170359),34.0170359,-6.8423963
"POINT (-6.8451084 34.0157044)",POINT (-6.8451084 34.0157044),34.0157044,-6.8451084
"POINT (-6.8467008 34.0143287)",POINT (-6.8467008 34.0143287),34.0143287,-6.8467008
"POINT (-6.8468475 34.0141044)",POINT (-6.8468475 34.0141044),34.0141044,-6.8468475
"POINT (-6.8537927 34.0134265)",POINT (-6.8537927 34.0134265),34.0134265,-6.8537927
"POINT (-6.8517498 34.0241223)",POINT (-6.8517498 34.0241223),34.0241223,-6.8517498
"POINT (-6.8445228 34.0122954)",POINT (-6.8445228 34.0122954),34.0122954,-6.8445228
"POINT (-6.849722 34.0218746)",POINT (-6.849722 34.0218746),34.0218746,-6.849722
"POINT (-6.8521518 34.0191216)",POINT (-6.8521518 34.0191216),34.0191216,-6.8521518
"POINT (-6.8416197 34.0036414)",POINT (-6.8416197 34.0036414),34.0036414,-6.8416197
"POINT (-6.8484747 34.0144279)",POINT (-6.8484747 34.0144279),34.0144279,-6.8484747
"POINT (-6.8430855 34.0227018)",POINT (-6.8430855 34.0227018),34.0227018,-6.8430855
"POINT (-6.8534225 34.0213095)",POINT (-6.8534225 34.0213095),34.0213095,-6.8534225
"POINT (-6.8447306 34.017629)",POINT (-6.8447306 34.017629),34.017629,-6.8447306
"POINT (-6.8420288 34.0196994)",POINT (-6.8420288 34.0196994),34.0196994,-6.8420288
"POINT (-6.8399024 33.9988711)",POINT (-6.8399024 33.9988711),33.9988711,-6.8399024
"POINT (-6.8538067 33.9745075)",POINT (-6.8538067 33.9745075),33.9745075,-6.8538067
"POINT (-6.8537987 33.9762802)",POINT (-6.8537987 33.9762802),33.9762802,-6.8537987
"POINT (-6.8458595 33.983315)",POINT (-6.8458595 33.983315),33.983315,-6.8458595
"POINT (-6.8562713 33.9763294)",POINT (-6.8562713 33.9763294),33.9763294,-6.8562713
"POINT (-6.8553966 33.979989)",POINT (-6.8553966 33.979989),33.979989,-6.8553966
"POINT (-6.850344 33.9804847)",POINT (-6.850344 33.9804847),33.9804847,-6.850344
"POINT (-6.8482593 33.9813802)",POINT (-6.8482593 33.9813802),33.9813802,-6.8482593
"POINT (-6.8553273 33.975344)",POINT (-6.8553273 33.975344),33.975344,-6.8553273
"POINT (-6.8483409 33.9744904)",POINT (-6.8483409 33.9744904),33.9744904,-6.8483409
"POINT (-6.846524 33.9791968)",POINT (-6.846524 33.9791968),33.9791968,-6.846524
"POINT (-6.8470747 33.9774645)",POINT (-6.8470747 33.9774645),33.9774645,-6.8470747
"POINT (-6.8567779 33.9831282)",POINT (-6.8567779 33.9831282),33.9831282,-6.8567779
"POINT (-6.8534318 33.9788441)",POINT (-6.8534318 33.9788441),33.9788441,-6.8534318
"POINT (-6.8511367 33.9759275)",POINT (-6.8511367 33.9759275),33.9759275,-6.8511367
"POINT (-6.8482614 33.9774113)",POINT (-6.8482614 33.9774113),33.9774113,-6.8482614
"POINT (-6.847822 33.9766579)",POINT (-6.847822 33.9766579),33.9766579,-6.847822
"POINT (-6.8463544 33.9790581)",POINT (-6.8463544 33.9790581),33.9790581,-6.8463544
"POINT (-6.8578407 33.9787448)",POINT (-6.8578407 33.9787448),33.9787448,-6.8578407
"POINT (-6.8530189 33.9785404)",POINT (-6.8530189 33.9785404),33.9785404,-6.8530189
"POINT (-6.8522572 33.9760665)",POINT (-6.8522572 33.9760665),33.9760665,-6.8522572
"POINT (-6.8518765 33.9762805)",POINT (-6.8518765 33.9762805),33.9762805,-6.8518765
"POINT (-6.8463273 33.9827045)",POINT (-6.8463273 33.9827045),33.9827045,-6.8463273
"POINT (-6.8524824 33.9747359)",POINT (-6.8524824 33.9747359),33.9747359,-6.8524824
"POINT (-6.8544815 33.980057)",POINT (-6.8544815 33.980057),33.980057,-6.8544815
"POINT (-6.8486058 33.9806202)",POINT (-6.8486058 33.9806202),33.9806202,-6.8486058
"POINT (-6.8567644 33.9755233)",POINT (-6.8567644 33.9755233),33.9755233,-6.8567644
"POINT (-6.8485095 33.9757419)",POINT (-6.8485095 33.9757419),33.9757419,-6.8485095
"POINT (-6.8571867 33.9794503)",POINT (-6.8571867 33.9794503),33.9794503,-6.8571867
"POINT (-6.8516696 33.9793759)",POINT (-6.8516696 33.9793759),33.9793759,-6.8516696
"POINT (-6.8508535 33.9744454)",POINT (-6.8508535 33.9744454),33.9744454,-6.8508535
"POINT (-6.84636 33.9792674)",POINT (-6.84636 33.9792674),33.9792674,-6.84636
"POINT (-6.8484891 33.9800659)",POINT (-6.8484891 33.9800659),33.9800659,-6.8484891
"POINT (-6.8492729 33.9779285)",POINT (-6.8492729 33.9779285),33.9779285,-6.8492729
"POINT (-6.8329125 33.9792639)",POINT (-6.8329125 33.9792639),33.9792639,-6.8329125
"POINT (-6.8411266 33.9783268)",POINT (-6.8411266 33.9783268),33.9783268,-6.8411266
"POINT (-6.8303542 33.9796956)",POINT (-6.8303542 33.9796956),33.9796956,-6.8303542
"POINT (-6.8299152 33.9738826)",POINT (-6.8299152 33.9738826),33.9738826,-6.8299152
"POINT (-6.8309244 33.9794381)",POINT (-6.8309244 33.9794381),33.9794381,-6.8309244
"POINT (-6.8329888 33.9779179)",POINT (-6.8329888 33.9779179),33.9779179,-6.8329888
"POINT (-6.8394495 33.9689783)",POINT (-6.8394495 33.9689783),33.9689783,-6.8394495
"POINT (-6.8394347 33.9705821)",POINT (-6.8394347 33.9705821),33.9705821,-6.8394347
"POINT (-6.8376791 33.9796353)",POINT (-6.8376791 33.9796353),33.9796353,-6.8376791
"POINT (-6.8381636 33.973154)",POINT (-6.8381636 33.973154),33.973154,-6.8381636
"POINT (-6.836029 33.9798351)",POINT (-6.836029 33.9798351),33.9798351,-6.836029
"POINT (-6.8388869 33.9722375)",POINT (-6.8388869 33.9722375),33.9722375,-6.8388869
"POINT (-6.8379584 33.97143)",POINT (-6.8379584 33.97143),33.97143,-6.8379584
"POINT (-6.8310505 33.9718713)",POINT (-6.8310505 33.9718713),33.9718713,-6.8310505
"POINT (-6.8422857 33.968108)",POINT (-6.8422857 33.968108),33.968108,-6.8422857
"POINT (-6.831185 33.9712144)",POINT (-6.831185 33.9712144),33.9712144,-6.831185
"POINT (-6.841971 33.9784295)",POINT (-6.841971 33.9784295),33.9784295,-6.841971
"POINT (-6.8442556 33.9688008)",POINT (-6.8442556 33.9688008),33.9688008,-6.8442556
"POINT (-6.8416383 33.9742256)",POINT (-6.8416383 33.9742256),33.9742256,-6.8416383
"POINT (-6.8345837 33.9778169)",POINT (-6.8345837 33.9778169),33.9778169,-6.8345837
"POINT (-6.8343577 33.9716442)",POINT (-6.8343577 33.9716442),33.9716442,-6.8343577
"POINT (-6.8314381 33.9752358)",POINT (-6.8314381 33.9752358),33.9752358,-6.8314381
"POINT (-6.8324203 33.9714091)",POINT (-6.8324203 33.9714091),33.9714091,-6.8324203
"POINT (-6.8411981 33.9732011)",POINT (-6.8411981 33.9732011),33.9732011,-6.8411981
"POINT (-6.836807 33.9740793)",POINT (-6.836807 33.9740793),33.9740793,-6.836807
"POINT (-6.8373524 33.9756037)",POINT (-6.8373524 33.9756037),33.9756037,-6.8373524
"POINT (-6.8604389 34.0093951)",POINT (-6.8604389 34.0093951),34.0093951,-6.8604389
"POINT (-6.8651042 33.9986358)",POINT (-6.8651042 33.9986358),33.9986358,-6.8651042
"POINT (-6.8680265 34.0055836)",POINT (-6.8680265 34.0055836),34.0055836,-6.8680265
"POINT (-6.8592085 33.9952401)",POINT (-6.8592085 33.9952401),33.9952401,-6.8592085
"POINT (-6.8689117 33.994193)",POINT (-6.8689117 33.994193),33.994193,-6.8689117
"POINT (-6.8594866 34.0163245)",POINT (-6.8594866 34.0163245),34.0163245,-6.8594866
"POINT (-6.8585592 33.9969633)",POINT (-6.8585592 33.9969633),33.9969633,-6.8585592
"POINT (-6.8560493 33.9972592)",POINT (-6.8560493 33.9972592),33.9972592,-6.8560493
"POINT (-6.8378394 34.0247645)",POINT (-6.8378394 34.0247645),34.0247645,-6.8378394
"POINT (-6.8367377 34.0272815)",POINT (-6.8367377 34.0272815),34.0272815,-6.8367377
"POINT (-6.8615675 34.0084069)",POINT (-6.8615675 34.0084069),34.0084069,-6.8615675
"POINT (-6.8668209 34.0090596)",POINT (-6.8668209 34.0090596),34.0090596,-6.8668209
"POINT (-6.850472 33.9973743)",POINT (-6.850472 33.9973743),33.9973743,-6.850472
"POINT (-6.8688572 34.0023184)",POINT (-6.8688572 34.0023184),34.0023184,-6.8688572
"POINT (-6.8471622 33.9984033)",POINT (-6.8471622 33.9984033),33.9984033,-6.8471622
"POINT (-6.8618795 34.0114693)",POINT (-6.8618795 34.0114693),34.0114693,-6.8618795
"POINT (-6.8635462 34.0091394)",POINT (-6.8635462 34.0091394),34.0091394,-6.8635462
"POINT (-6.8490259 34.0013458)",POINT (-6.8490259 34.0013458),34.0013458,-6.8490259
"POINT (-6.8572082 33.9946866)",POINT (-6.8572082 33.9946866),33.9946866,-6.8572082
"POINT (-6.8603002 33.9940555)",POINT (-6.8603002 33.9940555),33.9940555,-6.8603002
"POINT (-6.8707773 34.0012177)",POINT (-6.8707773 34.0012177),34.0012177,-6.8707773
"POINT (-6.8370301 34.0067223)",POINT (-6.8370301 34.0067223),34.0067223,-6.8370301
"POINT (-6.8036027 34.0356631)",POINT (-6.8036027 34.0356631),34.0356631,-6.8036027
"POINT (-6.792996 34.0399759)",POINT (-6.792996 34.0399759),34.0399759,-6.792996
"POINT (-6.7959701 34.0394165)",POINT (-6.7959701 34.0394165),34.0394165,-6.7959701
"POINT (-6.804599 34.0367063)",POINT (-6.804599 34.0367063),34.0367063,-6.804599
"POINT (-6.7975242 34.0386596)",POINT (-6.7975242 34.0386596),34.0386596,-6.7975242
"POINT (-6.798022 34.0353964)",POINT (-6.798022 34.0353964),34.0353964,-6.798022
"POINT (-6.7942634 34.032017)",POINT (-6.7942634 34.032017),34.032017,-6.7942634
"POINT (-6.7991975 34.0336975)",POINT (-6.7991975 34.0336975),34.0336975,-6.7991975
"POINT (-6.7889763 34.0379486)",POINT (-6.7889763 34.0379486),34.0379486,-6.7889763
"POINT (-6.7998286 34.0326098)",POINT (-6.7998286 34.0326098),34.0326098,-6.7998286
"POINT (-6.7977178 34.0344936)",POINT (-6.7977178 34.0344936),34.0344936,-6.7977178
"POINT (-6.8042047 34.0325185)",POINT (-6.8042047 34.0325185),34.0325185,-6.8042047
"POINT (-6.7953527 34.0359772)",POINT (-6.7953527 34.0359772),34.0359772,-6.7953527
"POINT (-6.7972624 34.0401726)",POINT (-6.7972624 34.0401726),34.0401726,-6.7972624
"POINT (-6.8007113 34.0356809)",POINT (-6.8007113 34.0356809),34.0356809,-6.8007113
"POINT (-6.7944057 34.0424381)",POINT (-6.7944057 34.0424381),34.0424381,-6.7944057
"POINT (-6.7997343 34.0403193)",POINT (-6.7997343 34.0403193),34.0403193,-6.7997343
"POINT (-6.8040393 34.0408981)",POINT (-6.8040393 34.0408981),34.0408981,-6.8040393
"POINT (-6.8019786 34.0391036)",POINT (-6.8019786 34.0391036),34.0391036,-6.8019786
"POINT (-6.7903443 34.0353782)",POINT (-6.7903443 34.0353782),34.0353782,-6.7903443
"POINT (-6.7930673 34.0381335)",POINT (-6.7930673 34.0381335),34.0381335,-6.7930673
"POINT (-6.8024354 34.0426476)",POINT (-6.8024354 34.0426476),34.0426476,-6.8024354
"POINT (-6.8009604 34.0357473)",POINT (-6.8009604 34.0357473),34.0357473,-6.8009604
"POINT (-6.7911086 34.0320284)",POINT (-6.7911086 34.0320284),34.0320284,-6.7911086
"POINT (-6.793753 34.0396768)",POINT (-6.793753 34.0396768),34.0396768,-6.793753
"POINT (-6.800247 34.0404188)",POINT (-6.800247 34.0404188),34.0404188,-6.800247
"POINT (-6.79361 34.0371414)",POINT (-6.79361 34.0371414),34.0371414,-6.79361
"POINT (-6.8028585 34.0381274)",POINT (-6.8028585 34.0381274),34.0381274,-6.8028585
"POINT (-6.8059513 34.0360308)",POINT (-6.8059513 34.0360308),34.0360308,-6.8059513
"POINT (-6.7910008 34.0361656)",POINT (-6.7910008 34.0361656),34.0361656,-6.7910008
"POINT (-6.8018958 34.0340408)",POINT (-6.8018958 34.0340408),34.0340408,-6.8018958
"POINT (-6.7892108 34.036094)",POINT (-6.7892108 34.036094),34.036094,-6.7892108
"POINT (-6.8037724 34.0333946)",POINT (-6.8037724 34.0333946),34.0333946,-6.8037724
"POINT (-6.7967596 34.0329519)",POINT (-6.7967596 34.0329519),34.0329519,-6.7967596
"POINT (-6.8068028 34.0361122)",POINT (-6.8068028 34.0361122),34.0361122,-6.8068028
"POINT (-6.8043597 34.0344062)",POINT (-6.8043597 34.0344062),34.0344062,-6.8043597
"POINT (-6.8039982 34.0431358)",POINT (-6.8039982 34.0431358),34.0431358,-6.8039982
"POINT (-6.8011841 34.0336944)",POINT (-6.8011841 34.0336944),34.0336944,-6.8011841
"POINT (-6.8045036 34.0367462)",POINT (-6.8045036 34.0367462),34.0367462,-6.8045036
"POINT (-6.8169868 34.0472162)",POINT (-6.8169868 34.0472162),34.0472162,-6.8169868
"POINT (-6.8175891 34.0471592)",POINT (-6.8175891 34.0471592),34.0471592,-6.8175891
"POINT (-6.812069 34.0535604)",POINT (-6.812069 34.0535604),34.0535604,-6.812069
"POINT (-6.8184671 34.0496289)",POINT (-6.8184671 34.0496289),34.0496289,-6.8184671
"POINT (-6.8139137 34.0405364)",POINT (-6.8139137 34.0405364),34.0405364,-6.8139137
"POINT (-6.8200243 34.0493247)",POINT (-6.8200243 34.0493247),34.0493247,-6.8200243
"POINT (-6.819972 34.0517476)",POINT (-6.819972 34.0517476),34.0517476,-6.819972
"POINT (-6.8197688 34.0424593)",POINT (-6.8197688 34.0424593),34.0424593,-6.8197688
"POINT (-6.8096345 34.0453348)",POINT (-6.8096345 34.0453348),34.0453348,-6.8096345
"POINT (-6.8247207 34.0408895)",POINT (-6.8247207 34.0408895),34.0408895,-6.8247207
"POINT (-6.8217942 34.0416237)",POINT (-6.8217942 34.0416237),34.0416237,-6.8217942
"POINT (-6.8101085 34.0408269)",POINT (-6.8101085 34.0408269),34.0408269,-6.8101085
"POINT (-6.8210631 34.0404074)",POINT (-6.8210631 34.0404074),34.0404074,-6.8210631
"POINT (-6.8225815 34.0537722)",POINT (-6.8225815 34.0537722),34.0537722,-6.8225815
"POINT (-6.8156979 34.0419986)",POINT (-6.8156979 34.0419986),34.0419986,-6.8156979
"POINT (-6.8242504 34.0487454)",POINT (-6.8242504 34.0487454),34.0487454,-6.8242504
"POINT (-6.8099239 34.0539498)",POINT (-6.8099239 34.0539498),34.0539498,-6.8099239
"POINT (-6.8215542 34.0524875)",POINT (-6.8215542 34.0524875),34.0524875,-6.8215542
"POINT (-6.8245317 34.0519143)",POINT (-6.8245317 34.0519143),34.0519143,-6.8245317
"POINT (-6.8122919 34.0407257)",POINT (-6.8122919 34.0407257),34.0407257,-6.8122919
"POINT (-6.8137906 34.050774)",POINT (-6.8137906 34.050774),34.050774,-6.8137906
"POINT (-6.8176776 34.043695)",POINT (-6.8176776 34.043695),34.043695,-6.8176776
"POINT (-6.8107303 34.0449032)",POINT (-6.8107303 34.0449032),34.0449032,-6.8107303
"POINT (-6.8112295 34.0470324)",POINT (-6.8112295 34.0470324),34.0470324,-6.8112295
"POINT (-6.8150254 34.0444296)",POINT (-6.8150254 34.0444296),34.0444296,-6.8150254
"POINT (-6.8153577 34.0481059)",POINT (-6.8153577 34.0481059),34.0481059,-6.8153577
"POINT (-6.8205556 34.0413217)",POINT (-6.8205556 34.0413217),34.0413217,-6.8205556
"POINT (-6.8133111 34.0469186)",POINT (-6.8133111 34.0469186),34.0469186,-6.8133111
"POINT (-6.8216244 34.0501983)",POINT (-6.8216244 34.0501983),34.0501983,-6.8216244
"POINT (-6.824546 34.0500079)",POINT (-6.824546 34.0500079),34.0500079,-6.824546
"POINT (-6.8118557 34.0503762)",POINT (-6.8118557 34.0503762),34.0503762,-6.8118557
"POINT (-6.8161503 34.0422604)",POINT (-6.8161503 34.0422604),34.0422604,-6.8161503
"POINT (-6.8199798 34.053928)",POINT (-6.8199798 34.053928),34.053928,-6.8199798
"POINT (-6.8231887 34.050195)",POINT (-6.8231887 34.050195),34.050195,-6.8231887
"POINT (-6.8093329 34.0455689)",POINT (-6.8093329 34.0455689),34.0455689,-6.8093329
"POINT (-6.8102331 34.0478077)",POINT (-6.8102331 34.0478077),34.0478077,-6.8102331
"POINT (-6.816749 34.0514633)",POINT (-6.816749 34.0514633),34.0514633,-6.816749
"POINT (-6.8149413 34.0494355)",POINT (-6.8149413 34.0494355),34.0494355,-6.8149413
"POINT (-6.816271 34.0488137)",POINT (-6.816271 34.0488137),34.0488137,-6.816271
"POINT (-6.8089467 34.0462688)",POINT (-6.8089467 34.0462688),34.0462688,-6.8089467
"POINT (-6.8214444 34.0529995)",POINT (-6.8214444 34.0529995),34.0529995,-6.8214444
"POINT (-6.8220003 34.0532305)",POINT (-6.8220003 34.0532305),34.0532305,-6.8220003
"POINT (-6.8087926 34.0460689)",POINT (-6.8087926 34.0460689),34.0460689,-6.8087926
"POINT (-6.8111882 34.0431168)",POINT (-6.8111882 34.0431168),34.0431168,-6.8111882
"POINT (-6.8162604 34.0429322)",POINT (-6.8162604 34.0429322),34.0429322,-6.8162604
"POINT (-6.8096455 34.046872)",POINT (-6.8096455 34.046872),34.046872,-6.8096455
"POINT (-6.8040326 34.0496134)",POINT (-6.8040326 34.0496134),34.0496134,-6.8040326
"POINT (-6.7999099 34.0507554)",POINT (-6.7999099 34.0507554),34.0507554,-6.7999099
"POINT (-6.7897505 34.0480982)",POINT (-6.7897505 34.0480982),34.0480982,-6.7897505
"POINT (-6.8049408 34.0482086)",POINT (-6.8049408 34.0482086),34.0482086,-6.8049408
"POINT (-6.8049853 34.0494522)",POINT (-6.8049853 34.0494522),34.0494522,-6.8049853
"POINT (-6.8048615 34.0442242)",POINT (-6.8048615 34.0442242),34.0442242,-6.8048615
"POINT (-6.7914045 34.0559482)",POINT (-6.7914045 34.0559482),34.0559482,-6.7914045
"POINT (-6.7897781 34.0557472)",POINT (-6.7897781 34.0557472),34.0557472,-6.7897781
"POINT (-6.7920716 34.0524278)",POINT (-6.7920716 34.0524278),34.0524278,-6.7920716
"POINT (-6.8008689 34.0437785)",POINT (-6.8008689 34.0437785),34.0437785,-6.8008689
"POINT (-6.7869186 34.0498519)",POINT (-6.7869186 34.0498519),34.0498519,-6.7869186
"POINT (-6.7904805 34.0451703)",POINT (-6.7904805 34.0451703),34.0451703,-6.7904805
"POINT (-6.7928091 34.0524141)",POINT (-6.7928091 34.0524141),34.0524141,-6.7928091
"POINT (-6.7956314 34.0437823)",POINT (-6.7956314 34.0437823),34.0437823,-6.7956314
"POINT (-6.7880361 34.0453799)",POINT (-6.7880361 34.0453799),34.0453799,-6.7880361
"POINT (-6.7874489 34.0494645)",POINT (-6.7874489 34.0494645),34.0494645,-6.7874489
"POINT (-6.8038911 34.0523973)",POINT (-6.8038911 34.0523973),34.0523973,-6.8038911
"POINT (-6.7925109 34.0522049)",POINT (-6.7925109 34.0522049),34.0522049,-6.7925109
"POINT (-6.7944443 34.04403)",POINT (-6.7944443 34.04403),34.04403,-6.7944443
"POINT (-6.7900532 34.0478668)",POINT (-6.7900532 34.0478668),34.0478668,-6.7900532
"POINT (-6.7864837 34.0504973)",POINT (-6.7864837 34.0504973),34.0504973,-6.7864837
"POINT (-6.7992952 34.0555501)",POINT (-6.7992952 34.0555501),34.0555501,-6.7992952
"POINT (-6.7901729 34.0440018)",POINT (-6.7901729 34.0440018),34.0440018,-6.7901729
"POINT (-6.797249 34.0475393)",POINT (-6.797249 34.0475393),34.0475393,-6.797249
"POINT (-6.8036978 34.0531215)",POINT (-6.8036978 34.0531215),34.0531215,-6.8036978
"POINT (-6.8045291 34.0551535)",POINT (-6.8045291 34.0551535),34.0551535,-6.8045291
"POINT (-6.7915782 34.0495469)",POINT (-6.7915782 34.0495469),34.0495469,-6.7915782
"POINT (-6.7969529 34.0440933)",POINT (-6.7969529 34.0440933),34.0440933,-6.7969529
"POINT (-6.7955876 34.0513837)",POINT (-6.7955876 34.0513837),34.0513837,-6.7955876
"POINT (-6.7936396 34.054884)",POINT (-6.7936396 34.054884),34.054884,-6.7936396
"POINT (-6.8016625 34.0532053)",POINT (-6.8016625 34.0532053),34.0532053,-6.8016625
"POINT (-6.7980543 34.0450363)",POINT (-6.7980543 34.0450363),34.0450363,-6.7980543
"POINT (-6.7941757 34.0498671)",POINT (-6.7941757 34.0498671),34.0498671,-6.7941757
"POINT (-6.797773 34.0526778)",POINT (-6.797773 34.0526778),34.0526778,-6.797773
"POINT (-6.7873404 34.0496693)",POINT (-6.7873404 34.0496693),34.0496693,-6.7873404
"POINT (-6.7971011 34.0541892)",POINT (-6.7971011 34.0541892),34.0541892,-6.7971011
"POINT (-6.7879021 34.0496721)",POINT (-6.7879021 34.0496721),34.0496721,-6.7879021
"POINT (-6.7877071 34.0452054)",POINT (-6.7877071 34.0452054),34.0452054,-6.7877071
"POINT (-6.7965448 34.0426143)",POINT (-6.7965448 34.0426143),34.0426143,-6.7965448
"POINT (-6.794639 34.0433999)",POINT (-6.794639 34.0433999),34.0433999,-6.794639
"POINT (-6.7933564 34.0524506)",POINT (-6.7933564 34.0524506),34.0524506,-6.7933564
"POINT (-6.7990229 34.0462222)",POINT (-6.7990229 34.0462222),34.0462222,-6.7990229
"POINT (-6.8011737 34.0465367)",POINT (-6.8011737 34.0465367),34.0465367,-6.8011737
"POINT (-6.7993467 34.0556013)",POINT (-6.7993467 34.0556013),34.0556013,-6.7993467
"POINT (-6.7877894 34.054163)",POINT (-6.7877894 34.054163),34.054163,-6.7877894
"POINT (-6.7885157 34.0477491)",POINT (-6.7885157 34.0477491),34.0477491,-6.7885157
"POINT (-6.7870533 34.0523957)",POINT (-6.7870533 34.0523957),34.0523957,-6.7870533
"POINT (-6.8062594 34.0403898)",POINT (-6.8062594 34.0403898),34.0403898,-6.8062594
"POINT (-6.7922101 34.0455607)",POINT (-6.7922101 34.0455607),34.0455607,-6.7922101
"POINT (-6.8025523 34.0485667)",POINT (-6.8025523 34.0485667),34.0485667,-6.8025523
"POINT (-6.8023874 34.0492867)",POINT (-6.8023874 34.0492867),34.0492867,-6.8023874
"POINT (-6.7914949 34.0520795)",POINT (-6.7914949 34.0520795),34.0520795,-6.7914949
"POINT (-6.8111504 34.0375522)",POINT (-6.8111504 34.0375522),34.0375522,-6.8111504
"POINT (-6.7784176 34.0566493)",POINT (-6.7784176 34.0566493),34.0566493,-6.7784176
"POINT (-6.7726868 34.0648087)",POINT (-6.7726868 34.0648087),34.0648087,-6.7726868
"POINT (-6.7739118 34.0570161)",POINT (-6.7739118 34.0570161),34.0570161,-6.7739118
"POINT (-6.785099 34.0677054)",POINT (-6.785099 34.0677054),34.0677054,-6.785099
"POINT (-6.7914516 34.0644567)",POINT (-6.7914516 34.0644567),34.0644567,-6.7914516
"POINT (-6.7872399 34.0694199)",POINT (-6.7872399 34.0694199),34.0694199,-6.7872399
"POINT (-6.7819652 34.055089)",POINT (-6.7819652 34.055089),34.055089,-6.7819652
"POINT (-6.7829642 34.0642441)",POINT (-6.7829642 34.0642441),34.0642441,-6.7829642
"POINT (-6.786078 34.0577605)",POINT (-6.786078 34.0577605),34.0577605,-6.786078
"POINT (-6.7729774 34.0623603)",POINT (-6.7729774 34.0623603),34.0623603,-6.7729774
"POINT (-6.7736308 34.0574814)",POINT (-6.7736308 34.0574814),34.0574814,-6.7736308
"POINT (-6.7912239 34.0666412)",POINT (-6.7912239 34.0666412),34.0666412,-6.7912239
"POINT (-6.7808867 34.0668085)",POINT (-6.7808867 34.0668085),34.0668085,-6.7808867
"POINT (-6.779961 34.0618881)",POINT (-6.779961 34.0618881),34.0618881,-6.779961
"POINT (-6.7769161 34.0664988)",POINT (-6.7769161 34.0664988),34.0664988,-6.7769161
"POINT (-6.783746 34.0612895)",POINT (-6.783746 34.0612895),34.0612895,-6.783746
"POINT (-6.7904144 34.063604)",POINT (-6.7904144 34.063604),34.063604,-6.7904144
"POINT (-6.7840178 34.0614184)",POINT (-6.7840178 34.0614184),34.0614184,-6.7840178
"POINT (-6.7798383 34.0648357)",POINT (-6.7798383 34.0648357),34.0648357,-6.7798383
"POINT (-6.7906794 34.0645118)",POINT (-6.7906794 34.0645118),34.0645118,-6.7906794
"POINT (-6.7909827 34.0631549)",POINT (-6.7909827 34.0631549),34.0631549,-6.7909827
"POINT (-6.772893 34.0645866)",POINT (-6.772893 34.0645866),34.0645866,-6.772893
"POINT (-6.7816465 34.0623385)",POINT (-6.7816465 34.0623385),34.0623385,-6.7816465
"POINT (-6.7774902 34.0688362)",POINT (-6.7774902 34.0688362),34.0688362,-6.7774902
"POINT (-6.7734405 34.0576204)",POINT (-6.7734405 34.0576204),34.0576204,-6.7734405
"POINT (-6.7915529 34.0687003)",POINT (-6.7915529 34.0687003),34.0687003,-6.7915529
"POINT (-6.7755739 34.0673535)",POINT (-6.7755739 34.0673535),34.0673535,-6.7755739
"POINT (-6.7750468 34.0583904)",POINT (-6.7750468 34.0583904),34.0583904,-6.7750468
"POINT (-6.7798171 34.0624322)",POINT (-6.7798171 34.0624322),34.0624322,-6.7798171
"POINT (-6.7802161 34.0594226)",POINT (-6.7802161 34.0594226),34.0594226,-6.7802161
"POINT (-6.7850627 34.0699176)",POINT (-6.7850627 34.0699176),34.0699176,-6.7850627
"POINT (-6.7828555 34.0690494)",POINT (-6.7828555 34.0690494),34.0690494,-6.7828555
"POINT (-6.7815881 34.065237)",POINT (-6.7815881 34.065237),34.065237,-6.7815881
"POINT (-6.7810494 34.0550082)",POINT (-6.7810494 34.0550082),34.0550082,-6.7810494
"POINT (-6.7910791 34.0571656)",POINT (-6.7910791 34.0571656),34.0571656,-6.7910791
"POINT (-6.7849924 34.0686509)",POINT (-6.7849924 34.0686509),34.0686509,-6.7849924
"POINT (-6.7891048 34.0645014)",POINT (-6.7891048 34.0645014),34.0645014,-6.7891048
"POINT (-6.7808145 34.0593147)",POINT (-6.7808145 34.0593147),34.0593147,-6.7808145
"POINT (-6.7837203 34.0578491)",POINT (-6.7837203 34.0578491),34.0578491,-6.7837203
"POINT (-6.7895588 34.0364091)",POINT (-6.7895588 34.0364091),34.0364091,-6.7895588
"POINT (-6.7906208 34.0435064)",POINT (-6.7906208 34.0435064),34.0435064,-6.7906208
"POINT (-6.7857843 34.0396685)",POINT (-6.7857843 34.0396685),34.0396685,-6.7857843
"POINT (-6.7948723 34.0394563)",POINT (-6.7948723 34.0394563),34.0394563,-6.7948723
"POINT (-6.7907569 34.0425393)",POINT (-6.7907569 34.0425393),34.0425393,-6.7907569
"POINT (-6.792895 34.0415046)",POINT (-6.792895 34.0415046),34.0415046,-6.792895
"POINT (-6.7908297 34.038211)",POINT (-6.7908297 34.038211),34.038211,-6.7908297
"POINT (-6.7931146 34.0390043)",POINT (-6.7931146 34.0390043),34.0390043,-6.7931146
"POINT (-6.7866994 34.0420892)",POINT (-6.7866994 34.0420892),34.0420892,-6.7866994
"POINT (-6.7966942 34.0358121)",POINT (-6.7966942 34.0358121),34.0358121,-6.7966942
"POINT (-6.8086217 34.0294007)",POINT (-6.8086217 34.0294007),34.0294007,-6.8086217
"POINT (-6.7857847 34.0347227)",POINT (-6.7857847 34.0347227),34.0347227,-6.7857847
"POINT (-6.8027275 34.0271326)",POINT (-6.8027275 34.0271326),34.0271326,-6.8027275
"POINT (-6.7945207 34.0411869)",POINT (-6.7945207 34.0411869),34.0411869,-6.7945207
"POINT (-6.7869958 34.0414242)",POINT (-6.7869958 34.0414242),34.0414242,-6.7869958
"POINT (-6.7985452 34.0304244)",POINT (-6.7985452 34.0304244),34.0304244,-6.7985452
"POINT (-6.7831889 34.042831)",POINT (-6.7831889 34.042831),34.042831,-6.7831889
"POINT (-6.7855081 34.0434482)",POINT (-6.7855081 34.0434482),34.0434482,-6.7855081
"POINT (-6.805597 34.0298604)",POINT (-6.805597 34.0298604),34.0298604,-6.805597
"POINT (-6.7855425 34.0386793)",POINT (-6.7855425 34.0386793),34.0386793,-6.7855425
"POINT (-6.7966269 34.0374384)",POINT (-6.7966269 34.0374384),34.0374384,-6.7966269
"POINT (-6.798183 34.0419799)",POINT (-6.798183 34.0419799),34.0419799,-6.798183
"POINT (-6.7902846 34.0366675)",POINT (-6.7902846 34.0366675),34.0366675,-6.7902846
"POINT (-6.7939837 34.0385225)",POINT (-6.7939837 34.0385225),34.0385225,-6.7939837
"POINT (-6.7889933 34.0377425)",POINT (-6.7889933 34.0377425),34.0377425,-6.7889933
"POINT (-6.7955297 34.0374032)",POINT (-6.7955297 34.0374032),34.0374032,-6.7955297
"POINT (-6.805113 34.0267113)",POINT (-6.805113 34.0267113),34.0267113,-6.805113
"POINT (-6.7923419 34.0421874)",POINT (-6.7923419 34.0421874),34.0421874,-6.7923419
"POINT (-6.7919276 34.0399429)",POINT (-6.7919276 34.0399429),34.0399429,-6.7919276
"POINT (-6.8087837 34.0311446)",POINT (-6.8087837 34.0311446),34.0311446,-6.8087837
"POINT (-6.7994045 34.0291901)",POINT (-6.7994045 34.0291901),34.0291901,-6.7994045
"POINT (-6.8013035 34.0305588)",POINT (-6.8013035 34.0305588),34.0305588,-6.8013035
"POINT (-6.7868267 34.0431779)",POINT (-6.7868267 34.0431779),34.0431779,-6.7868267
"POINT (-6.8261625 34.0381351)",POINT (-6.8261625 34.0381351),34.0381351,-6.8261625
"POINT (-6.811407 34.0588535)",POINT (-6.811407 34.0588535),34.0588535,-6.811407
"POINT (-6.746659 34.0704335)",POINT (-6.746659 34.0704335),34.0704335,-6.746659
"POINT (-6.7526623 34.0818377)",POINT (-6.7526623 34.0818377),34.0818377,-6.7526623
"POINT (-6.7733949 34.0710978)",POINT (-6.7733949 34.0710978),34.0710978,-6.7733949
"POINT (-6.7689369 34.076184)",POINT (-6.7689369 34.076184),34.076184,-6.7689369
"POINT (-6.7958634 34.0597724)",POINT (-6.7958634 34.0597724),34.0597724,-6.7958634
"POINT (-6.8237622 34.0447702)",POINT (-6.8237622 34.0447702),34.0447702,-6.8237622
"POINT (-6.7731567 34.0683389)",POINT (-6.7731567 34.0683389),34.0683389,-6.7731567
"POINT (-6.8170677 34.0551563)",POINT (-6.8170677 34.0551563),34.0551563,-6.8170677
"POINT (-6.8230044 34.0373761)",POINT (-6.8230044 34.0373761),34.0373761,-6.8230044
"POINT (-6.7539989 34.0673949)",POINT (-6.7539989 34.0673949),34.0673949,-6.7539989
"POINT (-6.7566417 34.0683584)",POINT (-6.7566417 34.0683584),34.0683584,-6.7566417
"POINT (-6.8282202 34.0386226)",POINT (-6.8282202 34.0386226),34.0386226,-6.8282202
"POINT (-6.7392376 34.0727311)",POINT (-6.7392376 34.0727311),34.0727311,-6.7392376
"POINT (-6.8125258 34.0553704)",POINT (-6.8125258 34.0553704),34.0553704,-6.8125258
"POINT (-6.8228114 34.0462036)",POINT (-6.8228114 34.0462036),34.0462036,-6.8228114
"POINT (-6.7766017 34.0857723)",POINT (-6.7766017 34.0857723),34.0857723,-6.7766017
"POINT (-6.8241919 34.0387758)",POINT (-6.8241919 34.0387758),34.0387758,-6.8241919
"POINT (-6.7945049 34.0736465)",POINT (-6.7945049 34.0736465),34.0736465,-6.7945049
"POINT (-6.8272979 34.0457483)",POINT (-6.8272979 34.0457483),34.0457483,-6.8272979
"POINT (-6.8282323 34.0469679)",POINT (-6.8282323 34.0469679),34.0469679,-6.8282323
"POINT (-6.7939802 34.0595051)",POINT (-6.7939802 34.0595051),34.0595051,-6.7939802
"POINT (-6.8149095 34.0540707)",POINT (-6.8149095 34.0540707),34.0540707,-6.8149095
"POINT (-6.7590079 34.0635211)",POINT (-6.7590079 34.0635211),34.0635211,-6.7590079
"POINT (-6.7831406 34.0794386)",POINT (-6.7831406 34.0794386),34.0794386,-6.7831406
"POINT (-6.7959931 34.0616151)",POINT (-6.7959931 34.0616151),34.0616151,-6.7959931
"POINT (-6.8286174 34.0492974)",POINT (-6.8286174 34.0492974),34.0492974,-6.8286174
"POINT (-6.7750078 34.0772359)",POINT (-6.7750078 34.0772359),34.0772359,-6.7750078
"POINT (-6.748664 34.0764795)",POINT (-6.748664 34.0764795),34.0764795,-6.748664
"POINT (-6.781536 34.0829442)",POINT (-6.781536 34.0829442),34.0829442,-6.781536
"POINT (-6.769284 34.0642355)",POINT (-6.769284 34.0642355),34.0642355,-6.769284
"POINT (-6.7645661 34.0841818)",POINT (-6.7645661 34.0841818),34.0841818,-6.7645661
"POINT (-6.7885502 34.0794986)",POINT (-6.7885502 34.0794986),34.0794986,-6.7885502
"POINT (-6.7882653 34.0772355)",POINT (-6.7882653 34.0772355),34.0772355,-6.7882653
"POINT (-6.7797535 34.0785229)",POINT (-6.7797535 34.0785229),34.0785229,-6.7797535
"POINT (-6.7673617 34.0701045)",POINT (-6.7673617 34.0701045),34.0701045,-6.7673617
"POINT (-6.7667852 34.0652615)",POINT (-6.7667852 34.0652615),34.0652615,-6.7667852
"POINT (-6.7684234 34.0720447)",POINT (-6.7684234 34.0720447),34.0720447,-6.7684234
"POINT (-6.7720132 34.0750157)",POINT (-6.7720132 34.0750157),34.0750157,-6.7720132
"POINT (-6.7687882 34.0812662)",POINT (-6.7687882 34.0812662),34.0812662,-6.7687882
"POINT (-6.7635222 34.0762435)",POINT (-6.7635222 34.0762435),34.0762435,-6.7635222
"POINT (-6.7730396 34.0850818)",POINT (-6.7730396 34.0850818),34.0850818,-6.7730396
"POINT (-6.7503547 34.0810227)",POINT (-6.7503547 34.0810227),34.0810227,-6.7503547
"POINT (-6.7644516 34.071083)",POINT (-6.7644516 34.071083),34.071083,-6.7644516
"POINT (-6.7488699 34.0823319)",POINT (-6.7488699 34.0823319),34.0823319,-6.7488699
"POINT (-6.8133992 34.0584305)",POINT (-6.8133992 34.0584305),34.0584305,-6.8133992
"POINT (-6.7737907 34.0793677)",POINT (-6.7737907 34.0793677),34.0793677,-6.7737907
"POINT (-6.7552173 34.075795)",POINT (-6.7552173 34.075795),34.075795,-6.7552173
"POINT (-6.7708704 34.0796911)",POINT (-6.7708704 34.0796911),34.0796911,-6.7708704
"POINT (-6.7846798 34.0861685)",POINT (-6.7846798 34.0861685),34.0861685,-6.7846798
"POINT (-6.7695173 34.068304)",POINT (-6.7695173 34.068304),34.068304,-6.7695173
"POINT (-6.7864824 34.080462)",POINT (-6.7864824 34.080462),34.080462,-6.7864824
"POINT (-6.7555885 34.0702028)",POINT (-6.7555885 34.0702028),34.0702028,-6.7555885
"POINT (-6.7834423 34.0757533)",POINT (-6.7834423 34.0757533),34.0757533,-6.7834423
"POINT (-6.8165472 34.0599677)",POINT (-6.8165472 34.0599677),34.0599677,-6.8165472
"POINT (-6.7666715 34.0674522)",POINT (-6.7666715 34.0674522),34.0674522,-6.7666715
"POINT (-6.7716902 34.0717379)",POINT (-6.7716902 34.0717379),34.0717379,-6.7716902
"POINT (-6.7637335 34.0662982)",POINT (-6.7637335 34.0662982),34.0662982,-6.7637335
"POINT (-6.7595273 34.072612)",POINT (-6.7595273 34.072612),34.072612,-6.7595273
"POINT (-6.7520583 34.0697685)",POINT (-6.7520583 34.0697685),34.0697685,-6.7520583
"POINT (-6.8105429 34.0621106)",POINT (-6.8105429 34.0621106),34.0621106,-6.8105429
"POINT (-6.7950673 34.0685697)",POINT (-6.7950673 34.0685697),34.0685697,-6.7950673
"POINT (-6.8095239 34.0629498)",POINT (-6.8095239 34.0629498),34.0629498,-6.8095239
"POINT (-6.7932067 34.0729182)",POINT (-6.7932067 34.0729182),34.0729182,-6.7932067
"POINT (-6.7976923 34.0687089)",POINT (-6.7976923 34.0687089),34.0687089,-6.7976923
"POINT (-6.8014342 34.0657499)",POINT (-6.8014342 34.0657499),34.0657499,-6.8014342
"POINT (-6.7994909 34.0706995)",POINT (-6.7994909 34.0706995),34.0706995,-6.7994909
"POINT (-6.7993149 34.0653947)",POINT (-6.7993149 34.0653947),34.0653947,-6.7993149
"POINT (-6.7967288 34.0703372)",POINT (-6.7967288 34.0703372),34.0703372,-6.7967288
"POINT (-6.7927807 34.0639472)",POINT (-6.7927807 34.0639472),34.0639472,-6.7927807
"POINT (-6.8024757 34.0648784)",POINT (-6.8024757 34.0648784),34.0648784,-6.8024757
"POINT (-6.7950981 34.0665476)",POINT (-6.7950981 34.0665476),34.0665476,-6.7950981
"POINT (-6.8095189 34.0565179)",POINT (-6.8095189 34.0565179),34.0565179,-6.8095189
"POINT (-6.7933876 34.0671715)",POINT (-6.7933876 34.0671715),34.0671715,-6.7933876
"POINT (-6.7946159 34.0639713)",POINT (-6.7946159 34.0639713),34.0639713,-6.7946159
"POINT (-6.806672 34.0626542)",POINT (-6.806672 34.0626542),34.0626542,-6.806672
"POINT (-6.8037192 34.0670408)",POINT (-6.8037192 34.0670408),34.0670408,-6.8037192
"POINT (-6.8034856 34.0695427)",POINT (-6.8034856 34.0695427),34.0695427,-6.8034856
"POINT (-6.8067067 34.0597345)",POINT (-6.8067067 34.0597345),34.0597345,-6.8067067
"POINT (-6.806013 34.0635453)",POINT (-6.806013 34.0635453),34.0635453,-6.806013
"POINT (-6.8074822 34.0659637)",POINT (-6.8074822 34.0659637),34.0659637,-6.8074822
"POINT (-6.7924792 34.0668912)",POINT (-6.7924792 34.0668912),34.0668912,-6.7924792
"POINT (-6.7922191 34.0665459)",POINT (-6.7922191 34.0665459),34.0665459,-6.7922191
"POINT (-6.808396 34.0579435)",POINT (-6.808396 34.0579435),34.0579435,-6.808396
"POINT (-6.7948535 34.0666924)",POINT (-6.7948535 34.0666924),34.0666924,-6.7948535
"POINT (-6.9064936 33.9301388)",POINT (-6.9064936 33.9301388),33.9301388,-6.9064936
"POINT (-6.9069831 33.9240008)",POINT (-6.9069831 33.9240008),33.9240008,-6.9069831
"POINT (-6.9022538 33.9357326)",POINT (-6.9022538 33.9357326),33.9357326,-6.9022538
"POINT (-6.909231 33.925398)",POINT (-6.909231 33.925398),33.925398,-6.909231
"POINT (-6.8988298 33.9236318)",POINT (-6.8988298 33.9236318),33.9236318,-6.8988298
"POINT (-6.9046148 33.9251497)",POINT (-6.9046148 33.9251497),33.9251497,-6.9046148
"POINT (-6.9016828 33.9273255)",POINT (-6.9016828 33.9273255),33.9273255,-6.9016828
"POINT (-6.895997 33.9355222)",POINT (-6.895997 33.9355222),33.9355222,-6.895997
"POINT (-6.8952305 33.9255022)",POINT (-6.8952305 33.9255022),33.9255022,-6.8952305
"POINT (-6.8971398 33.9246931)",POINT (-6.8971398 33.9246931),33.9246931,-6.8971398
"POINT (-6.9076336 33.9306667)",POINT (-6.9076336 33.9306667),33.9306667,-6.9076336
"POINT (-6.9017814 33.9252961)",POINT (-6.9017814 33.9252961),33.9252961,-6.9017814
"POINT (-6.9077248 33.9221624)",POINT (-6.9077248 33.9221624),33.9221624,-6.9077248
"POINT (-6.8966357 33.9244064)",POINT (-6.8966357 33.9244064),33.9244064,-6.8966357
"POINT (-6.9019438 33.9320137)",POINT (-6.9019438 33.9320137),33.9320137,-6.9019438
"POINT (-6.9021468 33.9267973)",POINT (-6.9021468 33.9267973),33.9267973,-6.9021468
"POINT (-6.9013956 33.922357)",POINT (-6.9013956 33.922357),33.922357,-6.9013956
"POINT (-6.9061882 33.9307031)",POINT (-6.9061882 33.9307031),33.9307031,-6.9061882
"POINT (-6.9025459 33.9277396)",POINT (-6.9025459 33.9277396),33.9277396,-6.9025459
"POINT (-6.9106255 33.924065)",POINT (-6.9106255 33.924065),33.924065,-6.9106255
"POINT (-6.905158 33.9341907)",POINT (-6.905158 33.9341907),33.9341907,-6.905158
"POINT (-6.8982382 33.9242546)",POINT (-6.8982382 33.9242546),33.9242546,-6.8982382
"POINT (-6.909538 33.933439)",POINT (-6.909538 33.933439),33.933439,-6.909538
"POINT (-6.9090332 33.9280476)",POINT (-6.9090332 33.9280476),33.9280476,-6.9090332
"POINT (-6.9073402 33.9311122)",POINT (-6.9073402 33.9311122),33.9311122,-6.9073402
"POINT (-6.9062829 33.931624)",POINT (-6.9062829 33.931624),33.931624,-6.9062829
"POINT (-6.9075362 33.9269625)",POINT (-6.9075362 33.9269625),33.9269625,-6.9075362
"POINT (-6.9053876 33.922403)",POINT (-6.9053876 33.922403),33.922403,-6.9053876
"POINT (-6.90437 33.9229193)",POINT (-6.90437 33.9229193),33.9229193,-6.90437
"POINT (-6.9064028 33.9290249)",POINT (-6.9064028 33.9290249),33.9290249,-6.9064028
"POINT (-6.9085993 33.9304509)",POINT (-6.9085993 33.9304509),33.9304509,-6.9085993
"POINT (-6.9085908 33.9277219)",POINT (-6.9085908 33.9277219),33.9277219,-6.9085908
"POINT (-6.8956063 33.9343996)",POINT (-6.8956063 33.9343996),33.9343996,-6.8956063
"POINT (-6.9067051 33.9280465)",POINT (-6.9067051 33.9280465),33.9280465,-6.9067051
"POINT (-6.8891058 33.9412208)",POINT (-6.8891058 33.9412208),33.9412208,-6.8891058
"POINT (-6.9064562 33.9264477)",POINT (-6.9064562 33.9264477),33.9264477,-6.9064562
"POINT (-6.9110947 33.9243431)",POINT (-6.9110947 33.9243431),33.9243431,-6.9110947
"POINT (-6.9041498 33.9273587)",POINT (-6.9041498 33.9273587),33.9273587,-6.9041498
"POINT (-6.8997375 33.9318637)",POINT (-6.8997375 33.9318637),33.9318637,-6.8997375
"POINT (-6.8954629 33.9221928)",POINT (-6.8954629 33.9221928),33.9221928,-6.8954629
"POINT (-6.9033846 33.9341537)",POINT (-6.9033846 33.9341537),33.9341537,-6.9033846
"POINT (-6.896521 33.9316607)",POINT (-6.896521 33.9316607),33.9316607,-6.896521
"POINT (-6.9029727 33.9354754)",POINT (-6.9029727 33.9354754),33.9354754,-6.9029727
"POINT (-6.8997399 33.923163)",POINT (-6.8997399 33.923163),33.923163,-6.8997399
"POINT (-6.9106625 33.9277604)",POINT (-6.9106625 33.9277604),33.9277604,-6.9106625
"POINT (-6.9112255 33.9256886)",POINT (-6.9112255 33.9256886),33.9256886,-6.9112255
"POINT (-6.8966834 33.9251217)",POINT (-6.8966834 33.9251217),33.9251217,-6.8966834
"POINT (-6.9013217 33.9300179)",POINT (-6.9013217 33.9300179),33.9300179,-6.9013217
"POINT (-6.8973629 33.9284439)",POINT (-6.8973629 33.9284439),33.9284439,-6.8973629
"POINT (-6.9011602 33.9228311)",POINT (-6.9011602 33.9228311),33.9228311,-6.9011602
"POINT (-6.905719 33.9273782)",POINT (-6.905719 33.9273782),33.9273782,-6.905719
"POINT (-6.9004853 33.9228432)",POINT (-6.9004853 33.9228432),33.9228432,-6.9004853
"POINT (-6.9000073 33.9258391)",POINT (-6.9000073 33.9258391),33.9258391,-6.9000073
"POINT (-6.9000681 33.9115385)",POINT (-6.9000681 33.9115385),33.9115385,-6.9000681
"POINT (-6.9108731 33.9113391)",POINT (-6.9108731 33.9113391),33.9113391,-6.9108731
"POINT (-6.912266 33.9227466)",POINT (-6.912266 33.9227466),33.9227466,-6.912266
"POINT (-6.9174987 33.9186463)",POINT (-6.9174987 33.9186463),33.9186463,-6.9174987
"POINT (-6.9175343 33.9165888)",POINT (-6.9175343 33.9165888),33.9165888,-6.9175343
"POINT (-6.9077539 33.9197398)",POINT (-6.9077539 33.9197398),33.9197398,-6.9077539
"POINT (-6.9050468 33.9217701)",POINT (-6.9050468 33.9217701),33.9217701,-6.9050468
"POINT (-6.9175838 33.9145675)",POINT (-6.9175838 33.9145675),33.9145675,-6.9175838
"POINT (-6.9136987 33.9113478)",POINT (-6.9136987 33.9113478),33.9113478,-6.9136987
"POINT (-6.9086687 33.9176497)",POINT (-6.9086687 33.9176497),33.9176497,-6.9086687
"POINT (-6.9139424 33.92366)",POINT (-6.9139424 33.92366),33.92366,-6.9139424
"POINT (-6.9126326 33.9197104)",POINT (-6.9126326 33.9197104),33.9197104,-6.9126326
"POINT (-6.9079886 33.9163975)",POINT (-6.9079886 33.9163975),33.9163975,-6.9079886
"POINT (-6.9009994 33.9148971)",POINT (-6.9009994 33.9148971),33.9148971,-6.9009994
"POINT (-6.9082039 33.9144605)",POINT (-6.9082039 33.9144605),33.9144605,-6.9082039
"POINT (-6.9065522 33.9138457)",POINT (-6.9065522 33.9138457),33.9138457,-6.9065522
"POINT (-6.902805 33.921701)",POINT (-6.902805 33.921701),33.921701,-6.902805
"POINT (-6.9150759 33.9171354)",POINT (-6.9150759 33.9171354),33.9171354,-6.9150759
"POINT (-6.9003907 33.9123967)",POINT (-6.9003907 33.9123967),33.9123967,-6.9003907
"POINT (-6.901485 33.9173499)",POINT (-6.901485 33.9173499),33.9173499,-6.901485
"POINT (-6.9039266 33.9166582)",POINT (-6.9039266 33.9166582),33.9166582,-6.9039266
"POINT (-6.9033708 33.9108854)",POINT (-6.9033708 33.9108854),33.9108854,-6.9033708
"POINT (-6.9162083 33.9128485)",POINT (-6.9162083 33.9128485),33.9128485,-6.9162083
"POINT (-6.9157146 33.9215026)",POINT (-6.9157146 33.9215026),33.9215026,-6.9157146
"POINT (-6.914736 33.9175255)",POINT (-6.914736 33.9175255),33.9175255,-6.914736
"POINT (-6.9089462 33.9150197)",POINT (-6.9089462 33.9150197),33.9150197,-6.9089462
"POINT (-6.9152269 33.9106254)",POINT (-6.9152269 33.9106254),33.9106254,-6.9152269
"POINT (-6.903771 33.9195096)",POINT (-6.903771 33.9195096),33.9195096,-6.903771
"POINT (-6.9089414 33.9227384)",POINT (-6.9089414 33.9227384),33.9227384,-6.9089414
"POINT (-6.9034595 33.9127521)",POINT (-6.9034595 33.9127521),33.9127521,-6.9034595
"POINT (-6.9058135 33.9165337)",POINT (-6.9058135 33.9165337),33.9165337,-6.9058135
"POINT (-6.9010489 33.9194796)",POINT (-6.9010489 33.9194796),33.9194796,-6.9010489
"POINT (-6.9045494 33.9164987)",POINT (-6.9045494 33.9164987),33.9164987,-6.9045494
"POINT (-6.9082581 33.9168184)",POINT (-6.9082581 33.9168184),33.9168184,-6.9082581
"POINT (-6.900395 33.9206441)",POINT (-6.900395 33.9206441),33.9206441,-6.900395
"POINT (-6.9157014 33.9162666)",POINT (-6.9157014 33.9162666),33.9162666,-6.9157014
"POINT (-6.9107911 33.916603)",POINT (-6.9107911 33.916603),33.916603,-6.9107911
"POINT (-6.9027562 33.9190108)",POINT (-6.9027562 33.9190108),33.9190108,-6.9027562
"POINT (-6.9079845 33.9193874)",POINT (-6.9079845 33.9193874),33.9193874,-6.9079845
"POINT (-6.9178655 33.9204222)",POINT (-6.9178655 33.9204222),33.9204222,-6.9178655
"POINT (-6.9146116 33.9213551)",POINT (-6.9146116 33.9213551),33.9213551,-6.9146116
"POINT (-6.9103878 33.9188717)",POINT (-6.9103878 33.9188717),33.9188717,-6.9103878
"POINT (-6.9057993 33.9172581)",POINT (-6.9057993 33.9172581),33.9172581,-6.9057993
"POINT (-6.9095778 33.9239674)",POINT (-6.9095778 33.9239674),33.9239674,-6.9095778
"POINT (-6.9016468 33.9150501)",POINT (-6.9016468 33.9150501),33.9150501,-6.9016468
"POINT (-6.9106971 33.922114)",POINT (-6.9106971 33.922114),33.922114,-6.9106971
"POINT (-6.896554 33.9191779)",POINT (-6.896554 33.9191779),33.9191779,-6.896554
"POINT (-6.8982654 33.9268739)",POINT (-6.8982654 33.9268739),33.9268739,-6.8982654
"POINT (-6.8880188 33.9202603)",POINT (-6.8880188 33.9202603),33.9202603,-6.8880188
"POINT (-6.8873746 33.9213419)",POINT (-6.8873746 33.9213419),33.9213419,-6.8873746
"POINT (-6.8888229 33.9218266)",POINT (-6.8888229 33.9218266),33.9218266,-6.8888229
"POINT (-6.8931047 33.9239933)",POINT (-6.8931047 33.9239933),33.9239933,-6.8931047
"POINT (-6.8895619 33.9277434)",POINT (-6.8895619 33.9277434),33.9277434,-6.8895619
"POINT (-6.8955275 33.9167011)",POINT (-6.8955275 33.9167011),33.9167011,-6.8955275
"POINT (-6.8871238 33.9175739)",POINT (-6.8871238 33.9175739),33.9175739,-6.8871238
"POINT (-6.884913 33.9201215)",POINT (-6.884913 33.9201215),33.9201215,-6.884913
"POINT (-6.8893464 33.9239305)",POINT (-6.8893464 33.9239305),33.9239305,-6.8893464
"POINT (-6.8901674 33.9208303)",POINT (-6.8901674 33.9208303),33.9208303,-6.8901674
"POINT (-6.8957616 33.9170364)",POINT (-6.8957616 33.9170364),33.9170364,-6.8957616
"POINT (-6.8907873 33.9267718)",POINT (-6.8907873 33.9267718),33.9267718,-6.8907873
"POINT (-6.8975942 33.9203937)",POINT (-6.8975942 33.9203937),33.9203937,-6.8975942
"POINT (-6.8955061 33.9209966)",POINT (-6.8955061 33.9209966),33.9209966,-6.8955061
"POINT (-6.8843857 33.919721)",POINT (-6.8843857 33.919721),33.919721,-6.8843857
"POINT (-6.8974287 33.9253883)",POINT (-6.8974287 33.9253883),33.9253883,-6.8974287
"POINT (-6.8938283 33.9162558)",POINT (-6.8938283 33.9162558),33.9162558,-6.8938283
"POINT (-6.8931553 33.9258962)",POINT (-6.8931553 33.9258962),33.9258962,-6.8931553
"POINT (-6.8973101 33.9178249)",POINT (-6.8973101 33.9178249),33.9178249,-6.8973101
"POINT (-6.8867177 33.922152)",POINT (-6.8867177 33.922152),33.922152,-6.8867177
"POINT (-6.8929328 33.9194612)",POINT (-6.8929328 33.9194612),33.9194612,-6.8929328
"POINT (-6.8860978 33.9244538)",POINT (-6.8860978 33.9244538),33.9244538,-6.8860978
"POINT (-6.8876121 33.9269865)",POINT (-6.8876121 33.9269865),33.9269865,-6.8876121
"POINT (-6.8945597 33.9247923)",POINT (-6.8945597 33.9247923),33.9247923,-6.8945597
"POINT (-6.8953006 33.9175842)",POINT (-6.8953006 33.9175842),33.9175842,-6.8953006
"POINT (-6.8909944 33.9199245)",POINT (-6.8909944 33.9199245),33.9199245,-6.8909944
"POINT (-6.8880864 33.9193811)",POINT (-6.8880864 33.9193811),33.9193811,-6.8880864
"POINT (-6.8929952 33.9175528)",POINT (-6.8929952 33.9175528),33.9175528,-6.8929952
"POINT (-6.898418 33.9196453)",POINT (-6.898418 33.9196453),33.9196453,-6.898418
"POINT (-6.8969858 33.9210714)",POINT (-6.8969858 33.9210714),33.9210714,-6.8969858
"POINT (-6.8942154 33.9181508)",POINT (-6.8942154 33.9181508),33.9181508,-6.8942154
"POINT (-6.8953161 33.9274568)",POINT (-6.8953161 33.9274568),33.9274568,-6.8953161
"POINT (-6.8893797 33.9254751)",POINT (-6.8893797 33.9254751),33.9254751,-6.8893797
"POINT (-6.8889465 33.9253001)",POINT (-6.8889465 33.9253001),33.9253001,-6.8889465
"POINT (-6.8885613 33.9223127)",POINT (-6.8885613 33.9223127),33.9223127,-6.8885613
"POINT (-6.8948935 33.929348)",POINT (-6.8948935 33.929348),33.929348,-6.8948935
"POINT (-6.9663354 33.9165803)",POINT (-6.9663354 33.9165803),33.9165803,-6.9663354
"POINT (-6.9214101 33.9317176)",POINT (-6.9214101 33.9317176),33.9317176,-6.9214101
"POINT (-6.9206976 33.9267804)",POINT (-6.9206976 33.9267804),33.9267804,-6.9206976
"POINT (-6.9134399 33.9319383)",POINT (-6.9134399 33.9319383),33.9319383,-6.9134399
"POINT (-6.9471618 33.9305734)",POINT (-6.9471618 33.9305734),33.9305734,-6.9471618
"POINT (-6.9219265 33.9320157)",POINT (-6.9219265 33.9320157),33.9320157,-6.9219265
"POINT (-6.9773332 33.9149335)",POINT (-6.9773332 33.9149335),33.9149335,-6.9773332
"POINT (-6.8982141 33.9367126)",POINT (-6.8982141 33.9367126),33.9367126,-6.8982141
"POINT (-6.8917594 33.9383841)",POINT (-6.8917594 33.9383841),33.9383841,-6.8917594
"POINT (-6.9138219 33.9308735)",POINT (-6.9138219 33.9308735),33.9308735,-6.9138219
"POINT (-6.9308609 33.9477946)",POINT (-6.9308609 33.9477946),33.9477946,-6.9308609
"POINT (-6.9616387 33.9168946)",POINT (-6.9616387 33.9168946),33.9168946,-6.9616387
"POINT (-6.9299736 33.9052707)",POINT (-6.9299736 33.9052707),33.9052707,-6.9299736
"POINT (-6.9346431 33.9451163)",POINT (-6.9346431 33.9451163),33.9451163,-6.9346431
"POINT (-6.9121572 33.9303435)",POINT (-6.9121572 33.9303435),33.9303435,-6.9121572
"POINT (-6.9204825 33.9240073)",POINT (-6.9204825 33.9240073),33.9240073,-6.9204825
"POINT (-6.9318646 33.9285556)",POINT (-6.9318646 33.9285556),33.9285556,-6.9318646
"POINT (-6.9585638 33.9261209)",POINT (-6.9585638 33.9261209),33.9261209,-6.9585638
"POINT (-6.9332221 33.9191426)",POINT (-6.9332221 33.9191426),33.9191426,-6.9332221
"POINT (-6.893037 33.9306248)",POINT (-6.893037 33.9306248),33.9306248,-6.893037
"POINT (-6.9166182 33.9251188)",POINT (-6.9166182 33.9251188),33.9251188,-6.9166182
"POINT (-6.9072164 33.9321614)",POINT (-6.9072164 33.9321614),33.9321614,-6.9072164
"POINT (-6.92083 33.9313944)",POINT (-6.92083 33.9313944),33.9313944,-6.92083
"POINT (-6.9344983 33.9263624)",POINT (-6.9344983 33.9263624),33.9263624,-6.9344983
"POINT (-6.9054499 33.9366504)",POINT (-6.9054499 33.9366504),33.9366504,-6.9054499
"POINT (-6.9076642 33.9310334)",POINT (-6.9076642 33.9310334),33.9310334,-6.9076642
"POINT (-6.9079311 33.9284363)",POINT (-6.9079311 33.9284363),33.9284363,-6.9079311
"POINT (-6.924564 33.9134979)",POINT (-6.924564 33.9134979),33.9134979,-6.924564
"POINT (-6.926242 33.934664)",POINT (-6.926242 33.934664),33.934664,-6.926242
"POINT (-6.9221119 33.933655)",POINT (-6.9221119 33.933655),33.933655,-6.9221119
"POINT (-6.9191121 33.9345618)",POINT (-6.9191121 33.9345618),33.9345618,-6.9191121
"POINT (-6.9378533 33.9237458)",POINT (-6.9378533 33.9237458),33.9237458,-6.9378533
"POINT (-6.9091582 33.9353259)",POINT (-6.9091582 33.9353259),33.9353259,-6.9091582
"POINT (-6.9331482 33.9466122)",POINT (-6.9331482 33.9466122),33.9466122,-6.9331482
"POINT (-6.966375 33.9130605)",POINT (-6.966375 33.9130605),33.9130605,-6.966375
"POINT (-6.974051 33.910166)",POINT (-6.974051 33.910166),33.910166,-6.974051
"POINT (-6.921913 33.9315907)",POINT (-6.921913 33.9315907),33.9315907,-6.921913
"POINT (-6.9099611 33.9315679)",POINT (-6.9099611 33.9315679),33.9315679,-6.9099611
"POINT (-6.9253528 33.9382424)",POINT (-6.9253528 33.9382424),33.9382424,-6.9253528
"POINT (-6.9487473 33.9278107)",POINT (-6.9487473 33.9278107),33.9278107,-6.9487473
"POINT (-6.8856727 33.9391382)",POINT (-6.8856727 33.9391382),33.9391382,-6.8856727
"POINT (-6.9273338 33.9366608)",POINT (-6.9273338 33.9366608),33.9366608,-6.9273338
"POINT (-6.8964303 33.9439378)",POINT (-6.8964303 33.9439378),33.9439378,-6.8964303
"POINT (-6.9371247 33.9275831)",POINT (-6.9371247 33.9275831),33.9275831,-6.9371247
"POINT (-6.8867578 33.9380384)",POINT (-6.8867578 33.9380384),33.9380384,-6.8867578
"POINT (-6.92828 33.9202232)",POINT (-6.92828 33.9202232),33.9202232,-6.92828
"POINT (-6.9266342 33.9262239)",POINT (-6.9266342 33.9262239),33.9262239,-6.9266342
"POINT (-6.8872482 33.9405134)",POINT (-6.8872482 33.9405134),33.9405134,-6.8872482
"POINT (-6.9347291 33.9146516)",POINT (-6.9347291 33.9146516),33.9146516,-6.9347291
"POINT (-6.8973891 33.9404921)",POINT (-6.8973891 33.9404921),33.9404921,-6.8973891
"POINT (-6.9044542 33.9382934)",POINT (-6.9044542 33.9382934),33.9382934,-6.9044542
"POINT (-6.8791563 33.9566016)",POINT (-6.8791563 33.9566016),33.9566016,-6.8791563
"POINT (-6.8957476 33.9422395)",POINT (-6.8957476 33.9422395),33.9422395,-6.8957476
"POINT (-6.9378191 33.9156102)",POINT (-6.9378191 33.9156102),33.9156102,-6.9378191
"POINT (-6.9001855 33.9389312)",POINT (-6.9001855 33.9389312),33.9389312,-6.9001855
"POINT (-6.9429792 33.9308817)",POINT (-6.9429792 33.9308817),33.9308817,-6.9429792
"POINT (-6.9227118 33.9272774)",POINT (-6.9227118 33.9272774),33.9272774,-6.9227118
"POINT (-6.9364344 33.9215251)",POINT (-6.9364344 33.9215251),33.9215251,-6.9364344
"POINT (-6.9308846 33.917252)",POINT (-6.9308846 33.917252),33.917252,-6.9308846
"POINT (-6.8868084 33.9492661)",POINT (-6.8868084 33.9492661),33.9492661,-6.8868084
"POINT (-6.8929584 33.9367576)",POINT (-6.8929584 33.9367576),33.9367576,-6.8929584
"POINT (-6.896716 33.9433379)",POINT (-6.896716 33.9433379),33.9433379,-6.896716
"POINT (-6.9252507 33.9289894)",POINT (-6.9252507 33.9289894),33.9289894,-6.9252507
"POINT (-6.9391327 33.9409992)",POINT (-6.9391327 33.9409992),33.9409992,-6.9391327
"POINT (-6.9556595 33.9228649)",POINT (-6.9556595 33.9228649),33.9228649,-6.9556595
"POINT (-6.9292803 33.926396)",POINT (-6.9292803 33.926396),33.926396,-6.9292803
"POINT (-6.9272339 33.9240383)",POINT (-6.9272339 33.9240383),33.9240383,-6.9272339
"POINT (-6.9426594 33.9348419)",POINT (-6.9426594 33.9348419),33.9348419,-6.9426594
"POINT (-6.9399626 33.9343751)",POINT (-6.9399626 33.9343751),33.9343751,-6.9399626
"POINT (-6.8758808 33.951068)",POINT (-6.8758808 33.951068),33.951068,-6.8758808
"POINT (-6.9221354 33.9363176)",POINT (-6.9221354 33.9363176),33.9363176,-6.9221354
"POINT (-6.9243053 33.9234877)",POINT (-6.9243053 33.9234877),33.9234877,-6.9243053
"POINT (-6.935958 33.9441253)",POINT (-6.935958 33.9441253),33.9441253,-6.935958
"POINT (-6.8956237 33.9392869)",POINT (-6.8956237 33.9392869),33.9392869,-6.8956237
"POINT (-6.9691396 33.919126)",POINT (-6.9691396 33.919126),33.919126,-6.9691396
"POINT (-6.9401159 33.9214334)",POINT (-6.9401159 33.9214334),33.9214334,-6.9401159
"POINT (-6.9276804 33.9068993)",POINT (-6.9276804 33.9068993),33.9068993,-6.9276804
"POINT (-6.9215143 33.9161244)",POINT (-6.9215143 33.9161244),33.9161244,-6.9215143
"POINT (-6.9522185 33.9248215)",POINT (-6.9522185 33.9248215),33.9248215,-6.9522185
"POINT (-6.9303685 33.933642)",POINT (-6.9303685 33.933642),33.933642,-6.9303685
"POINT (-6.9378719 33.9422034)",POINT (-6.9378719 33.9422034),33.9422034,-6.9378719
"POINT (-6.8859059 33.9506355)",POINT (-6.8859059 33.9506355),33.9506355,-6.8859059
"POINT (-6.9418595 33.937012)",POINT (-6.9418595 33.937012),33.937012,-6.9418595
"POINT (-6.8946871 33.9403046)",POINT (-6.8946871 33.9403046),33.9403046,-6.8946871
"POINT (-6.8888525 33.9174581)",POINT (-6.8888525 33.9174581),33.9174581,-6.8888525
"POINT (-6.8870287 33.9137948)",POINT (-6.8870287 33.9137948),33.9137948,-6.8870287
"POINT (-6.8947726 33.9159153)",POINT (-6.8947726 33.9159153),33.9159153,-6.8947726
"POINT (-6.8871578 33.9171071)",POINT (-6.8871578 33.9171071),33.9171071,-6.8871578
"POINT (-6.8985503 33.9179015)",POINT (-6.8985503 33.9179015),33.9179015,-6.8985503
"POINT (-6.9004694 33.9077382)",POINT (-6.9004694 33.9077382),33.9077382,-6.9004694
"POINT (-6.8991338 33.9136655)",POINT (-6.8991338 33.9136655),33.9136655,-6.8991338
"POINT (-6.9016843 33.9139336)",POINT (-6.9016843 33.9139336),33.9139336,-6.9016843
"POINT (-6.8995996 33.9133399)",POINT (-6.8995996 33.9133399),33.9133399,-6.8995996
"POINT (-6.8926176 33.9135468)",POINT (-6.8926176 33.9135468),33.9135468,-6.8926176
"POINT (-6.8897355 33.9174804)",POINT (-6.8897355 33.9174804),33.9174804,-6.8897355
"POINT (-6.8977304 33.9071518)",POINT (-6.8977304 33.9071518),33.9071518,-6.8977304
"POINT (-6.9007048 33.9179473)",POINT (-6.9007048 33.9179473),33.9179473,-6.9007048
"POINT (-6.8890101 33.9173759)",POINT (-6.8890101 33.9173759),33.9173759,-6.8890101
"POINT (-6.9018753 33.9145188)",POINT (-6.9018753 33.9145188),33.9145188,-6.9018753
"POINT (-6.8908189 33.9165037)",POINT (-6.8908189 33.9165037),33.9165037,-6.8908189
"POINT (-6.8911402 33.9139486)",POINT (-6.8911402 33.9139486),33.9139486,-6.8911402
"POINT (-6.9009537 33.9084418)",POINT (-6.9009537 33.9084418),33.9084418,-6.9009537
"POINT (-6.8940417 33.9148981)",POINT (-6.8940417 33.9148981),33.9148981,-6.8940417
"POINT (-6.8913972 33.9139029)",POINT (-6.8913972 33.9139029),33.9139029,-6.8913972
"POINT (-6.8872503 33.9176097)",POINT (-6.8872503 33.9176097),33.9176097,-6.8872503
"POINT (-6.9010708 33.9130022)",POINT (-6.9010708 33.9130022),33.9130022,-6.9010708
"POINT (-6.8998454 33.9154922)",POINT (-6.8998454 33.9154922),33.9154922,-6.8998454
"POINT (-6.8877788 33.9130351)",POINT (-6.8877788 33.9130351),33.9130351,-6.8877788
"POINT (-6.8918772 33.9275757)",POINT (-6.8918772 33.9275757),33.9275757,-6.8918772
"POINT (-6.8904242 33.9290399)",POINT (-6.8904242 33.9290399),33.9290399,-6.8904242
"POINT (-6.8897807 33.9282884)",POINT (-6.8897807 33.9282884),33.9282884,-6.8897807
"POINT (-6.8913489 33.9281899)",POINT (-6.8913489 33.9281899),33.9281899,-6.8913489
"POINT (-6.8920197 33.9208058)",POINT (-6.8920197 33.9208058),33.9208058,-6.8920197
"POINT (-6.8859242 33.9404575)",POINT (-6.8859242 33.9404575),33.9404575,-6.8859242
"POINT (-6.8912883 33.9267535)",POINT (-6.8912883 33.9267535),33.9267535,-6.8912883
"POINT (-6.8930655 33.9213448)",POINT (-6.8930655 33.9213448),33.9213448,-6.8930655
"POINT (-6.8879971 33.9374589)",POINT (-6.8879971 33.9374589),33.9374589,-6.8879971
"POINT (-6.8891843 33.936235)",POINT (-6.8891843 33.936235),33.936235,-6.8891843
"POINT (-6.8928169 33.9417021)",POINT (-6.8928169 33.9417021),33.9417021,-6.8928169
"POINT (-6.8909696 33.9332068)",POINT (-6.8909696 33.9332068),33.9332068,-6.8909696
"POINT (-6.8887767 33.9369242)",POINT (-6.8887767 33.9369242),33.9369242,-6.8887767
"POINT (-6.8836843 33.9411911)",POINT (-6.8836843 33.9411911),33.9411911,-6.8836843
"POINT (-6.8853486 33.9364618)",POINT (-6.8853486 33.9364618),33.9364618,-6.8853486
"POINT (-6.8893024 33.9324556)",POINT (-6.8893024 33.9324556),33.9324556,-6.8893024
"POINT (-6.9161127 33.9211069)",POINT (-6.9161127 33.9211069),33.9211069,-6.9161127
"POINT (-6.8869412 33.9145268)",POINT (-6.8869412 33.9145268),33.9145268,-6.8869412
"POINT (-6.833333 33.9945778)",POINT (-6.833333 33.9945778),33.9945778,-6.833333
